date,title,blog
2018/06/22 13:51,夏,"
こんにちは🐣ブログの更新遅くなってすみません。今年の夏も欅共和国と全国ツアーが決まりましたね🌈去年の夏はとても濃くて充実した日々を過ごしました。共和国では思いっきりハシャぎたいです。梅雨はあまり好きじゃないけど、夏が近づいてくる感じが楽しいですね!今年の夏も共に楽しみましょう🌻🌻みゆ
"
2018/01/05 15:31,2018年,"





ご挨拶遅れてしまいすみません。



新年明けましておめでとうございます。



2018年になりました✨



2017年では、


不協和音リリース

1周年ライブ

ドラマ

1stアルバムリリース

野外ライブ、フェス

全国ツアー

風に吹かれてもリリース



他にもたくさんのことを経験させて頂きました。



でも正直私の中でやり残したこと、心残りなことが沢山あります。


2018年を終える時に同じことを思っていないように、充実した1年間を過ごします。





いつも欅坂46を見守って下さりありがとうございます。


ライブや握手会でお会いできるのを楽しみにしています。


今年もよろしくお願いします。






みゆ

  "
2018/01/05 13:32,,"



紅白歌合戦の際、たくさんの方々にご心配とご迷惑をおかけしてしまい誠に申し訳ございませんでした。

お陰様で回復して元気になりましたのでご安心下さい。




鈴本美愉

  "
2017/12/06 18:36,ありがとうございます,"




こんばんは。



今日はYahoo!検索大賞の授賞式に出席させていただきました!!


去年に引き続きアイドル部門で授賞できてとても嬉しく思います!


私は初めて授賞式に参加したのですが、すごく緊張しました!


来年も頑張りたいと思います☆彡





















12月5日で20歳になりました^ ^


みんなのブログも読みました。ありがとう(๑˃̵ᴗ˂̵)



まだあまり20歳になった感じがしなくて実感がないです

1人の大人としてたくさん成長していきます!








またね〜




みゆ

  "
2017/11/23 22:58,(^^),"






こんばんは。




今年も、大晦日に紅白歌合戦に出させていただくことが決定致しました!


応援してくださっている皆様がいるからこそ、私たちはこのような場に出させて頂けます。


いつも本当にありがとうございます。


そして更に今年は初めて有線大賞、レコード大賞にも出演させていただきます!

本当にありがたいです。

見守っていて下さいー^ ^


















先日は握手会ありがとうございました!!



今年最後の握手会でしたね。


次は2018年になってから!




お楽しみに☆彡
















またね〜 (笑)



みゆ

  "
2017/11/17 00:24,◆,"





こんにちは。





昨日はベストヒット歌謡祭に出演させていただきました☆彡




新曲の「風に吹かれても」を披露させていただきました!








なーこちゃんと♬





ありがとうございました!!

大阪楽しかったです!
















今年のクリスマスディズニーが始まりました(*ﾟ▽ﾟ*)


今までクリスマスの時期に行ったことなくて、、だから今年こそは必ず行きます!



クリスマス気分を早く味わいたいです^ ^

















ばいばーい




みゆ

  "
2017/11/06 15:10,=(^.^)=,"






こんにちは。



先日のMUSIC STATIONありがとうございました!!


Newシングルの「風に吹かれても」を披露させていただきました!


生放送はやっぱり緊張しました。


スーツだとより気が引き締まりますね!


今回の衣装のパンツスタイルがとても気に入っています!


見てくださった方ありがとうございました^ ^












そして、昨日は5th初の握手会でした〜



ファンの方々の意見を直接聞けるのは久々で、昨日は楽しかったです!


遠いところから京都まで来てくださった方もありがとうございました^ ^





















またねー




みゆ

  "
2017/11/01 10:55,♧,"







こんにちは〜



いつの間にかハロウィンが終わってました、、







次はクリスマス!


私の大好きなクリスマスーーー





今まで冬が大好きで夏が苦手でしたが、今年で夏がとっても好きになりました。


四季全部好きになれてよかったー



夏が来るのがずっと嫌でしたが、夏が来るのも冬が来るのも楽しみ!







今はもう冬ですね〜今日から11月!



風が冷たいし防寒が必要になってきました、、



こたつが欲しくなります。



寒いけど風邪をひかずに1年を終えたいので元気に過ごします☆


皆さんも気をつけて下さいね〜






11月になって今年もあと2ヶ月!


本当に1年が早いなー


充実した日々を過ごしましょう〜


















コストコ行きたいー





ばいばーい










みゆ

  "
2017/10/28 00:57,_φ(･_･,"





こんばんは。


ブログ遅くなってすみません。













10月25日に5thシングル「風に吹かれても」が発売されました!!!!!


皆さん聴いてくださいましたか?^ ^



今回は、曲も表情も衣装も雰囲気もガラッと変わり、Music Videoも吹っ切れた笑顔で踊っています



テレビ披露もさせて頂きました!

見てくださった方ありがとうございます。


今回の曲は踊っていて今までにないような楽しくて清々しい気持ちになります



5thシングルではカップリング曲も盛りだくさんなのでぜひぜひ聴いてみてください〜











避雷針のMVのときの〜






またね




みゆ

  "
2017/08/18 21:27,(^^),"





こんにちは〜




昨日とおととい 名古屋公演ありがとうございました!!









シャチホコ



地元ということでツアーが始まる前からすごくワクワクしてました!



2日間とも無事に終わりほっとしてます。


















桃と梨

地元のJA愛知さんから頂きました〜〜


皆んなで美味しく頂きました。
ありがとうございました!










残りの宮城、新潟、幕張公演では更にもっとパワーアップしたものをお見せできたらと思います!







またねー





みゆ

  "
2017/08/14 14:13,+,"




こんにちは





昨日は名古屋で握手会でした!


とても暑い中来て下さりありがとうございました^ ^




ツアーやフェスの感想とか聞けてとても嬉しかったです!!




明後日は全国ツアーの名古屋公演!


楽しみにしていてね〜〜











みゆ

  "
2017/08/12 19:01,☆,"






こんばんは〜





欅坂46メッセージ始まりましたね


皆さんはどのメンバーを選びましたかー??




今回のアプリで初めて自分のこと機械音痴だなと。


始めなかなか送れませんでしたすみません




これからもドシドシ送りたいと思います( ・_・)/♪














今日はROCK IN JAPANに出させていただきました!


今日のトップバッター!!


朝からすごく雨が降っててとても心配でしたが、本当にたくさんの方が見に来て下さり嬉しかったです!!



来てくださった方本当にありがとうございました♪


とても熱く盛り上がって最高でした!!








さてさて、今は全国ツアー真っ只中です!!!



先週の神戸と福岡公演が終わり次は名古屋です!


一回一回の公演を終えるごとに改善点もたくさん見つかります。


どんどん成長していく姿を今は暖かく見守っていてほしいです。

















この間はTIFもありまだまだイベントはこれからたくさんあります!!





この夏は欅坂で充実しちゃいましょーーーー(￣∇￣ノノ""





















Live中

おぜかわ












またね～




みゆ





























仕返しダ

  "
2017/07/24 21:53,(*ﾟ▽ﾟﾉﾉﾞ,"
こんばんは〜更新遅くなってすみません。「欅共和国 2017」に来てくださった皆さん ありがとうございました!!初めての野外ワンマンライブでメンバー皆んなも最初からテンション高くて、そして無事に終わりホッとしています。今回は欅共和国ということでオープニングとエンディングで旗の演出をさせていただきました!そして野外ならではの水や花火、バルーンなど普段できない演出が出来てとっても嬉しかったです!ファンの皆さんと気持ちが一つになれた気がしました、本当に本当に本当に楽しかったです!!!!!一緒にライブを盛り上げてくださりありがとうございました!!この夏もっともーーーーーーっと楽しみましょう!!みゆ
"
2017/06/16 14:16,わあ,"






こんにちは。













バムくん

この間お誕生日でした〜


わーーい(*´ｪ`)ﾉ 長生きしてね✌︎












今日の23時からSHOWROOM緊急生配信します!!


菅井ちゃんとあかねんです( ^^)人(^^ )


ぜひ見てね〜



















すっかり夏みたいになりましたねー。


梅雨入ったみたいなのに雨があまり降らなくて困りますね。


早くカラッとした夏になってほしいです。



ははは













またねー









みゆ

  "
2017/05/20 22:35,やあ,"





こんにちは〜





ドラマ撮影の空き時間に川に入りましたー











最近ロケ地付近に川がある事が多くて、今年に入ってもう3回入りました



エキセントリックのMusic Video撮影の空き時間にも入りました



やっぱり自然はとてもいいですねー


自然の空気の匂いが好きです














さて、この写真には何人写ってるでしょうか。


























































5月24日発売のananに出させていただきます^ ^


とっても嬉しいワクワク

ぜひチェックしてね〜












ばいばーい



正解は

4人でした。









メチャカリ


みゆ

  "
2017/04/28 14:01,ランラン,"






こんにちはー






夏のコスメがすごーくほしい。



かわいいアイシャドウ見つけた




絶対買うんだから〜














ぽぽぽぽぽーん



















また明日ね



みゆ

  "
2017/04/26 20:51,ぺーちゃんと川,"







こんばんはー











けやかけ面白かったですかだにー?

















だにいないな〜








またねー






みゆ

  "
2017/04/25 02:07,ンンン〜,"







こんばんは〜















































ブレ










質問です。

私と尾関の間にはあるメンバーがいました



誰でしょうか?

















???















ばいばーい



みゆ

  "
2017/04/22 11:15,楽しいよ,"





こんばんは





最近とてもいい香りの服にシュッシュッするやつを見つけました〜


柔軟剤と同じ匂いでおそろいです〜




いっぱい買おーっと















いい感じに花粉が治まってきてグッド。



去年よりは何故だかそんなに酷くはなかったけど、やっぱり目と鼻がかゆくなります


やっと治りつつある


ふー。










またねーん





みゆ

  "
2017/04/19 16:47,残酷な観客達,"
こんばんはーこの前毛布を洗濯したらすっごくほわほわになって、柔軟剤すごいなーって思いましたシュシュシュ〜今日の朝に5月18日から日本テレビで放送される欅坂46主演ドラマ『残酷な観客達』が解禁になりましたーーーー!!なんと主題歌は「エキセントリック」!!!とても嬉しいです(*´ｪ`)ﾉ私達にとって2度目のドラマです。やると知った時正直とても複雑な気持ちでした。前回のドラマで経験した難しさや過酷さ去年はその壁にぶち当たりました本当にいろいろありました。でも前回みんなで乗り越えたからこそ今の私達の結束力があると思ってます。だから今回もたくさんのことがあると思うけど、メンバーで支え合いながら乗り越えます!!今回のドラマでは初めて役名をいただきました!不思議な気持ちです、、私は 須原美空 役をやらせていただきます!メンバーのいつもと違う雰囲気やキャラクターに注目してください☆彡放送までお楽しみに〜〜〜またねみゆ
"
2017/04/17 16:54,ススススス,"






こんばんは〜









ゴロゴロ〜





ゴロゴロゴロゴロ〜











ステラルーがかわいいな〜今度買いにいこーって思っていたら、この前突然!! 虹花が「みゆこれあげる〜」って。



袋開けたらまさかの ステラルー 。


悲鳴をあげました。




ありがとう、にじかさま。。












さっき外に出た時あったかーいって思いました


春ですね〜


桜が咲いてるの見てすごくほっこりしました



ピンクってかわいい


意外とピンク好きなんです



桜って満開だ〜って思っても数日後すぐに葉っぱになってて悲しい


なんでこんなに早く散っちゃうの


不思議








またねー





みゆ

  "
2017/04/15 11:17,やっほう,"






こんにちは〜〜





明日のけやかけお楽しみに〜




















TT〜







またね


みゆ

  "
2017/04/14 01:32,ケース,"
     こんばんは〜     スマホケースっていくつでも欲しくなりませんか?    今は気分で2つを使いまわしてるのですがお店とかでいいのがあると買ってしまいます(´-`).。oO   新しいの買ったら前のを捨てて、、みたいな感じ   だから常に家にあるのは2つほど  コロコロ買い変えてますー    今はキラキラしてるのを探し中〜                   明日はMUSIC STATIONです!   4thシングル「不協和音」を披露させていただきます!!    お見逃しなく!          みゆ

  "
2017/04/11 18:56,わ〜〜,"







こんにちは。




最近夜になってもそんなに寒くなくて、春だな〜って感じてます


鼻も目もかゆいな～













4月8日に発売されたBOMBに小池みーちゃんと長沢なーこと3人で出させていただいてます♫




デビュー1周年ということで 1(ONE)➡︎ワン➡︎犬、、3人で犬になって撮影しました〜〜










どことなく漂う猫感、、、(笑)


犬ですよ!いぬ!



衣装もダルメシアン柄でした〜
















髪の毛はこんな感じ〜




初めてこの3人の組み合わせでした!


すごくほんわかした撮影現場でした(´-`).｡o♡



インタビューもぜひ見てね☆彡
































そしてまたまた映画を見に行って来ました〜


今回は「モアナと伝説の海」!



とってもいいお話しで感動しました

オススメです♫


すごーーく心に残っています( ^^)人(^^ )








次は美女と野獣を見に行きたい!!!


あー早くーーー楽しみーーー














おほほほほ




みゆ

  "
2017/04/09 09:56,(´-`).｡oO,"
こんにちは〜昨日は握手会にお越しくださりありがとうございました☆彡ブログ頑張ってるね〜とかブログありがとう〜って言ってくださった方もいてすごく心が暖まりましたサボらないように頑張ります〜2.3部はこんな感じー4.5部はチャイナ風にしましたー眉毛赤くしてたの気付きましたかー?祝花もありがとうございます^ ^昨日の握手会ではAnniversaryLIVEのことを褒めてくださる方々が多くてホッとしました。不協和音とエキセントリック私も大好きです!!握手会ありがとうございましたー!今日はスペイベ人の顔描くのはすごく苦手です〜またねーみゆ
"
2017/04/08 00:49,1st Anniversary,"
こんばんは〜私は部屋に物がいっぱいあってちょっと狭いくらいが落ち着くことにだいぶ前気づいたのですが、いらないと思ったものはすぐポイポイ捨ててしまうので一向に狭められなくて悩んだ結果ハンガーラックを買いました(°▽°)すっごくいい感じ一気に部屋がオシャレになっていい気分です♫マシュマロ柄の壁紙に一目惚れしましたが飽きやすいのでやめました。もっとハッピーな部屋にしたいです+-+-+-+-+-+-+-+-+-+-+-+-+-+-+-+-+-+徳山制服〜〜だーにー昨日は 欅坂46 1st Anniversary LIVEでした!!!!来てくださった方々ありがとうございました☆彡今回のライブではシングル順にパフォーマンスをさせていただきました4thシングルのパフォーマンスはこのライブが初披露でした!!エキセントリックいかがでしたか?かなりエキセントリックだったと思います!衣装も制服ではなく黒白コーデで珍しい感じでしたエキセントリックはダンスも普通ではなく、靴や髪の毛を振り回したり なめらかな動きだったり普段の振りとは全く違って独特です!今日見られなかった方も握手会でのライブなど お楽しみに〜そして「不協和音」もう皆さんご存知かもしれませんが、今までの欅坂の曲の中で一番ダンスが激しくて難しいです。フォーメーションも複雑で合わせるのもとても大変で、でも来てくださる方々の度肝を抜きたいと思いました。本場パフォーマンス中のことはあまり覚えていないけど、いい結果が残せていたらと思います。昨日のライブが終わり、改めてもっともっと成長したいなって思いました。去年のワンマンライブの時よりも更に課題がたくさん見つかりました。みんなで一つ一つ乗り越えていきながら新たな課題をたくさん見つけてそれをまた乗り越えていきたいです!皆さん目を離さないでくださいね。ばいばいみゆ
"
2017/04/05 13:09,ワクワク,"





こんにちは!!





わーーーーーーーーーー!




今日4thシングル「不協和音」がリリースされましたー!!!



皆さんもう手に入れましたか??













そしてそしてついに明日1周年記念ライブです!♫♫



ワクワク〜〜






皆さんもワクワクしてますかー??




₍₍ (ง ˙ω˙)ว ⁾⁾₍₍ (ง ˙ω˙)ว ⁾⁾₍₍ (ง ˙ω˙)ว ⁾⁾














また明日〜









欅Tシャツー






みゆ

  "
2017/04/04 07:13,デビュー1周年記念ライブ,"

 

 


 
 
こんにちは〜
 
 
 
 
最近冷たく冷えてる飲み物を飲むとお腹を壊します
 
 
 
お母さんに白湯を勧められ飲み始めてたからあまり冷たいのを飲まなくなって、それから冷えてる飲み物飲むとお腹の調子が悪くなるようになりました
 
 
 
中学でテニスやってたときは氷が入ったお茶を大量に飲んでたのに、、
 
 
今思うと胃がかわいそう
 
 
日々体の衰えを感じます。
 
 
 
 
中学時代の体力に戻りたいな〜〜
 
 
 
 
 
 
 
 
 
 
 
 
 
 
 
 
 
 
 
 
 
 
 
 
 
デビュー1周年記念ライブまで あと3日!!!
 
 
 
 
絶賛準備中です!!
 
 
ファンの皆さんにパフォーマンスをお見せするのが待ち遠しいです♫♫
 
 
照明や演出にも注目してみてください!
 
 
 
 
お楽しみに〜〜
 
 
 
 
 
 
 
 
 
 
 
 
 
 
 
 
 
 
バースデーライブじゃないよ
 
「デビュー1周年記念ライブ」です!!
 
 
 
 
 
またね〜〜
 
 
 
みゆ
 
 
 



"
2017/04/01 16:52,くるま,"




こんにちは〜



この前 家出る前に30分時間があったから寝て、
15分前に起きて準備したらまだ時間があったから7.8分寝てから家でたら、すごいボーッとしたまま電車乗ってしまい 10駅くらい乗り過ごしました。


最近睡魔がひどいな〜


ねむいな〜





車とか乗り物に乗るのが大好きで、小さい頃寝れない時にお父さんにドライブに連れて行ってもらった記憶があります

車に揺られながら寝るのがとっても好きです


今は車に乗る機会がほとんど無いのでたまには車に乗りたいな〜って思います



自分で運転もしてみたい。
















あっという間にもう4月だ〜!


早いなー


桜が少しずつ咲き始めてるのをよく見ます^ ^




お花見行きたいーーーー



ステラルーかわいいなー



サイリウム白と水色がいいなー












またね〜








みゆ

  "
2017/03/30 16:03,おぜかわ,"






こんにちは。




最近はおぜちゃん(尾関)も好き



なんとも愛おしいかわいさ












ん～おぜき～


レッスンの時におぜちゃんが耳上でツインテールをしていて髪の毛がぴょんぴょんしてる振り動画が可愛すぎました。



おぜかわ〜〜〜〜〜〜♡


















昨日はZIP!春フェス2017に出演させていただきましたー!


4曲パフォーマンスさせていただいて、世界には愛しかない の最後にZIPポーズをしたのですが 来てくださった方気づきましたかー??




ZIP!春フェスには去年も出させていただいていて、2年連続で出演出来てとても嬉しかったです!


1年前に比べて成長した姿をお見せできたのでは、と思います





そしてSPYAIRさんの「サムライハート」の時にはチームしゃちほこさんと参加させていただきました!!


とっても盛り上がり、楽しかったです♫♫





皆さん楽しかったですかーーー!?












またね










みゆ

  "
2017/03/28 17:10,ラグーナ,"







こんにちは〜










ぺーちゃん(渡辺りか)










おとといLAGUNA MUSIC FNS.2017に出演させていただきましたーーー!



地元の愛知県のフェスに出演出来てとても嬉しかったです♫♫


パフォーマンス前にはメンバーとジェットコースターに乗らせていただきラグーナをすごく満喫できました!!




そしてそして!欅坂46 360°3Dシアターも見させていただきました!


本当に迫力がすごくて手が届きそうな感じとかメンバーが360°いるところとかすごくドキドキします♡


皆さんもぜひ!行ってみてね!






トークショーでは長濱ねると守屋あかねんとぺーちゃんと出させていただきました!


今年初の野外フェスとてもテンション上がりました!



あー楽しかったーーーーーーーー



夏が楽しみ!















そして、明日は ZIP!春フェス2017 に出演させていただきます!!!


お楽しみに!








ばいばい



みゆ

  "
2017/03/26 14:28,ムフ,"





こんにちはー


今日はLAGUNA MUSIC FES.2017に出演させていただきます!!


楽しみわーいわーい( ^^)人(^^ )








そしてそして、



もうすぐ1周年ライブだ〜



あと2週間もない、、、




ライブが楽しみで仕方ないです。




あー楽しみ






あー楽しみーーー






あーー楽しみーーーーー









皆さんも楽しみにしててくださいーー!!






じゃあね〜



















みゆ

  "
2017/03/24 16:29,愛,"







こんばんはー







最近メンバーへの愛が溢れています




みんなといるのが楽しすぎて



話しも面白いし笑顔になるネ





今もし休みの日があったらって考えると少し寂しいなって思います。















さっき織田ななに


「私たち付き合ってるもんね?」


って聞いたら舌うちされた、、、ん?














わっしょーーーーーーーーい








またねー








みゆ

  "
2017/03/24 16:23,Music Video,"







こんにちは!!








昨日ついに!4thシングル『不協和音』のMusic Videoが解禁されましたーーー!!!!!






このMusic Videoとても大好きです。


何回も繰り返し見ちゃいます





皆さんはどうですか?


気に入っていただけていたら嬉しいです(*'-'*)




とても歌詞がストレートで力強く 私達らしさが出ているのではないかなと思います。



かっこいい雰囲気、激しいダンス


今回もTAKAHIRO先生に振り付けしていただきました。




前作の二人セゾンとは全く雰囲気が違い、二人セゾンをきっかけに欅坂のファンになって下さった方々はどう思うのか個人的に気になります。



皆さん 握手会で感想聞かせてください^ ^













ばいばい




みゆ

  "
2017/03/21 23:21,不協和音,"





こんばんは〜







この前外でテニスをしてる人を何人か見かけてすっっごくテニスしたくなりました



中学時代 強く無かったけどテニスをするのはすごく好きでした!


今部屋にラケットがあるので機会があったらまたしたいな〜って思います!



欅メンバーは何人かテニス経験者がいるのでまた対決とかダブルスとかしたいです♫♫






















4thシングル『不協和音』がついに解禁されましたーー!!!!



皆さんの率直な感想を聞きたいです



私は普段あまり欅坂の歌を聴かないのですが日常でも聞くくらい好きな曲です



イントロの不協和音がとても好きです


歌詞も力強くて好きです


ダンスも好きです


衣装も好きです



好きだらけです




ダンスはまたのお楽しみに。





ばいび






みゆ

  "
2017/03/20 00:37,大好きな人,"






こんにちは〜




前に地図を見ながら目的地を目指してたのですが、一向に着けず ずっとさまよってました



地図はしっかり読める自身があったのにーーー


ちょっと悔しかったお話しでした。

































私にもたれかかってるのは


ダーーーーーーレダ!!!








ばいばーい




みゆ

  "
2017/03/17 20:43,変人人,"
     こんにちは。     今日朝起きたら毛布が真逆になっていて、自分の寝相が心配になりました。   いつも布団が落ちちゃって寒くて起きます。   そんなに寝てるとき暴れてるのかな、、   こわいこわい。                  そうそう、  前に11分しか録画出来てなかったドラマなんですが、今週の回を見て何となくですが理解できました   やっぱり1回1回見ないとなんだかモヤモヤします、、   8話を見れなかったことにより今モヤモヤしています、、   くそ〜〜〜    実家にいつか帰ったら見ようと思います。             そういえば!! この間原田あおいが変人人ケーキをくれました♡   すっごく美味しかったです!!     写真は撮りわすれました〜    あおいありがとーう(*´ｪ`)ﾉ                   またね〜               今日はこち星にて4thシングル『不協和音』初解禁です!!   お楽しみに♡♡     みゆ        
"
2017/03/15 13:15,ドラマ,"
 

 
こんにちは～さっき毎週録画しておいたドラマがなぜか11分しか撮れてなくて、絶望的な気持ちになりました(o_o)
 
 
残量あったのになんでーーー
 
 
 
 
 
録画しておいたドラマを見るのは日々の楽しみになってます
 
 
どうなったのかな〜ってワクワクしながら見るのがすごく楽しいです(* 'ω')ﾉ


 
 
 
 
 
 
 
 
 
 
 
 
 
4thシングルのタイトルと収録内容が発表されましたーー!!!
 
 
 
表題曲は『不協和音』
 
 
 
 
早くファンの方々に聴いていただきたいです!!!
 
 
公開までお楽しみに!!!
 
 
 
 
そして、去年のワンマンライブで披露させて頂いた「W-KEYAKIZAKAの詩」も収録されています♫
 
 
 
 
 
 
 
4月5日に発売です^ ^
 
 
私もリリースが楽しみです☆彡
 
 
 
 
 
 
 
 
 
 
 
 
またね〜
 

 
 
 
みゆ
 
 
 
 




"
2017/03/13 12:11,٩(_'ω'_)و,"













最近だにちゃん(織田なな)

あんまり冷たくないな〜〜















だにだにだーーだにだに





















miyu

  "
2017/03/11 17:28,6年,"
こんばんは。今日で東日本大震災から6年が経ちました。この震災でたくさんの方々が傷ついたと思います。欅坂46として私たちが少しでも元気を与えられる存在になりたいです。+-+-+-+-+-+-+-+-+-+-+-+-+-+-+-+-+-+-+-+-外に出ると鼻がムズムズ。春が近づいてるな〜って思いますそんなにひどくはないけど花粉症なのでつらい時期です、、しかもかなりの睡魔も襲ってきます。ずっと冬でよかったのにな〜〜ってしみじみ思う。この間久しぶりに服を買いに行きました〜その日は E hyphen world gallery BonBon さんの気分だったので行って、その後映画を見ようと思ったら見たかった映画が終わってました。。ショックでもなかなか充実出来たからok最近1日1日がすごく充実してる気がするなんだか楽しいです( ￣_￣)ノ皆さんは何をしてる時が楽しいですかー?私はメンバーといるときかな〜明日はけやかけです見てね!ばいばいみゆ
"
2017/03/09 20:06,一人映画,"






こんにちばーむ







さっき携帯の写真を見返してました。

って言ってもたったの234枚しかないのですが、、


海に行った時の写真とかバムの写真とかたくさんあって、夏が苦手だけど少し夏気分を味わいたくなりました( ・_・)/




畳でバムとゴロゴロしたいな〜



BBQもしたーい


テニスしたーい


体育館でお弁当も食べたーい


球技大会またやりたいなー




とりあえず学生時代に戻りたい( ￣_￣)




















早速ラ・ラ・ランド見に言ってきました〜〜











そう1人で、笑


映画をみるの久々ですごく楽しかったー!



初めて1人で映画みたのですがなかなか良い

とても集中してみれました^ ^



今回でどんどん見たい映画が増えました!ハマりそう!!


わーーーーーーい





またね〜






みゆ

  "
2017/03/07 12:23,4/6,"
こんにちは。先日デビュー1周年記念ライブが私たちのデビュー日 4月6日に行われることが発表されました!!!場所は国立代々木競技場第一体育館です!ここは私たちがデビューする前に初めてパフォーマンスでステージに立った思い出の場所です。そこで私たちだけのライブが出来ることがとても嬉しいです!!サイレントマジョリティーの頃から成長した姿をたくさんの方々に見ていただきたいです。32人全員で全力でやります!!期待していてください!!待ってます(人･_･)♫そしてそして、今日はGUM ROCK FESです!!お楽しみに〜〜みゆ
"
2017/03/05 13:50,ラスト,"






こんにちはー。





この前電車の乗り換えの時にホームにハトがいて、ハト苦手だから近づいてこないように戦ってたら電車を乗り過ごしました。

せっかく快速だったのに、、


(　ﾟ_ゝﾟ)
















昨日は3rd最後の握手会ありがとうございました☆彡



もう終わりかーって。すごく早かった気がします( ´・ω・)ﾉ




私は2ndの握手会の時にいろんな会場で欠席してしまい、それがとても心残りでした。


なので3rdの握手会では自分の中で 必ず最後までやりきる。という目標を決めました。


でも3rd始めの名古屋の全国握手会で途中で体調不良になってしまいすごく悔しかったです。

皆さんにたくさん迷惑をおかけしてすみません。





3rdの握手会では自分なりに色々工夫してみました


まだ何が正解なのか分からないけど、これからも試行錯誤しながらやっていこうと思います!!








写真のせまーす













三つ編み〜
















4.5部は部屋着ー










握手会楽しかったです


ありがとうございました╰(*´︶`*)╯





次は4thシングルの握手会!

4月8日です!お楽しみに〜〜〜









いつもありがとうございます^ ^




みゆ

  "
2017/03/03 15:07,ラララ〜,"





こんばんは。





ああー映画見に行きたいな〜


ラ・ラ・ランド見たいーー












最近飽き性をすっごく発揮してます(　゜_ゝ゜)ノ



服の系統とか食べ物とかアプリとか、、


1回めちゃめちゃハマってその数日後にあー飽きたわ〜って思います。


でも毎回新しい発見が出来るからいい事なのかも!


わーーーい





そんな私が今ハマってるのは干し芋デス



干し芋だけはなかなか飽きない


個人的に茨城県産の干し芋が一番好き


丸干し芋っていう切ってない丸ごとの干し芋が衝撃の美味しさでした



また食べたいな〜〜















またねー







今日はこち星☆  聞いてね〜




みゆ

  "
2017/03/01 13:38,4th,"




こんにちは。





先日私たちの冠番組「欅って、書けない?」で4thシングルの選抜発表がありました。



フォーメーションは3rdの時と同じ7人3列です。


今回も漢字欅21人全員選抜していただきとっても嬉しいです。


とにかく21人であってほしいとずっと願っていました。

本当に誰が欠けてもだめだなって最近すごく思います。


またみんなでパフォーマンスするのが楽しみです。






私は今回2列目の8番というポジションに選んで頂きました。


前作の「二人セゾン」ではフロントを務めさせて頂き、4thで下がったと思う方もいると思います。


ファンの方に申し訳ないという気持ちもあります。


でも私は前向きに考えています。


今1人1人にそれぞれ色んなチャンスを与えていただいてて、私は今回のポジションでしか見つけられない物を見つけるチャンスだと思っています。


1st、2nd、3rdでの活動が自分にとってプラスになったように、今回も自信を持ってやっていこうと思います。


また新たな欅坂の色を出せるように、これから全員で支え合って頑張ります!!!




ファンの皆さんいつも応援ありがとうございます





みゆ

  "
2017/02/27 14:03,やっほー,"





こんばんは〜。





握手会ありがとうございました٩(●˙▿˙●)۶





写真をバババっと載せまーす
























くーまー










そして昨日の










ツノ


潮さりなちゃんがやってるのを見てこっそりマネしました(*ﾟ∀ﾟ*)












佐藤しーちゃんぴーす。






















ララララ〜〜









いろんな方にブログをもっと更新してと何度も言われ、私は学びました


2日に1回₊*୧⃛(๑⃙⃘⁼̴̀꒳⁼̴́๑⃙⃘)୨⃛*₊



とりあえずやってみます


アタタカクミマモッテネ













お花ありがとう♡♡










ばいばーーーい



みゆ

  "
2017/02/12 17:09,(_◠‿◠_),"
こんばんはやっほーもうすぐバレンタインデーだ〜私は毎日目覚ましをかけて寝るのですが、最近目覚ましの時間の10分前に起きる現象がおきています。パッ!って目が覚めて時間を見ると鳴る10分前、、なぞだなーーー寝坊は滅多にしないけど、この現象は初めてです( ´・ω・)ﾉ………………………………………………………byebye〜笑笑みゆ
"
2017/02/11 23:49,( ´ー`)ﾉ,"




こんにちは〜。













尾関と葵

まだ髪の毛黒いなー













ブログ更新遅くなってすみません






最近寒かったり、涼しかったりで何を着ようか難しいな〜って思います。


花粉もあたたかくなるのもあまり好きじゃないのでずっと冬が続けばいいのになーって。。


夏はキライです。


あー夏にはならないでーー










◆◇◆◇◆◇◆◇◆◇◆◇◆◇◆◇◆◇◆◇




昨日、3月29日の『ZIP!春フェス2017』に出演させていただくことが発表されました!!


嬉しい!!楽しみです^ ^


去年も出演させていただいたのですが、
去年はデビューして間も無かったせいかガチガチに緊張してサイレントマジョリティーをパフォーマンスしたのを覚えています。


まだまだ先ですが、3月29日はデビューしてもうすぐ1年になる時期なので成長した姿をお見せしたいと思います٩(●˙▿˙●)۶


ぜひお越し下さい♫

















バム〜〜










またねー











みゆ

  "
2017/01/24 13:08,ゆっかねん,"
こんにちは。先日は全国&個別握手会ありがとうございました☆彡ミニライブ楽しかったですーーーー!!ライブの途中に欅坂46のキャプテンと副キャプテンが発表されました。キャプテンの菅井ちゃんはMCを仕切ってくれたり、言いにくいことを勇気を出して言ってみんなをまとめてくれたり、本当に頼りになる存在です。副キャプテンの守屋あかねんは常に気合いとやる気を感じます。トークで引っ張ってくれたり、私も頑張ろう!と思わせてくれる存在です。これからメンバーみんなで支えながら2人についていきたいと思います!!これからもよろしくお願いします。全国握手会のペアは織田ななでした〜〜織田ななのファンの方々はすごく面白くて優しくて暖かかったです( ^^)人(^^ )何度か 私の方が織田ななのこと好きだよ!と言われましたが、ワタシはトテモアイシテマス(　ﾟ_ゝﾟ)ﾉ次の日は個別握手会!1.2部大人っぽくしました〜4.5部1.2部と系統を変えただに〜ディズニーのシェリーメイちゃんのです綺麗な祝花ありがとうございます(*´˘`*)♡握手会2日間楽しかったです٩(●˙▿˙●)۶また会おうねーーーーばいばーいみゆ
"
2017/01/16 23:47,( ･_･)/,"




こんばんばむ





昨日は握手会ありがとうございましたー!!



とっても寒い中お越しくださった皆さんありがとうございます(*´˘`*)


2017年になって初の握手会楽しかったです٩(●˙▿˙●)۶



1.2部ではパーカーにハーフアップお団子をしました☆彡

すみません写真を撮り忘れてしまいました。。



4.5部ではベレー帽♪







一緒に写ってるのはよねーー(米谷ななみ)


昨日はチャラヨネでした。

個人的にチャラヨネ好きです(*'-'*)ﾉ






祝花もありがとうございます^ ^♡










お花ってキレイですよね˚✧₊⁺˳


匂いとかも好きです(*´﹃`*)










次の握手は1/21(土).22(日)です!


ぜひお越しください٩(*˘ ³˘)۶

インフルエンザに気をつけてね





◆◇◆◇◆◇◆◇◆◇◆◇◆◇◆◇◆◇◆◇






もう一つ言いたいことが、、






この前ディズニーランドに行ってきましたー!!!









ハロウィンぶり!久々でした〜


最強に楽しすぎて、気持ちがなかなか夢の国から戻ってきません


極寒だったけどたくさん乗り物にも乗れてとても充実したお休みでしたーー









ファストパス取り中〜





次はディズニーシーに行きたいです。

スウィーツダッフィー手に入れてきます。





楽しかった〜



またねー









みゆ

  "
2017/01/08 01:33,2017,"





あけましておめでとうございます(*˘︶˘*)





大晦日の紅白歌合戦ありがとうございました!!



緊張してるのかよくわからないまま本番を迎えました、、


パフォーマンスはあっという間に終わり、今でも出演させていただいたのが信じられないくらいフワフワした気持ちです。

それくらい緊張しました。




テレビの前で見守っててくださった皆さまありがとうございました!


欅坂にしかできないパフォーマンスができたのではないかと思います。


たくさんの方々によかったよと言っていただき、すごくありがたいなと思いました。


また握手会で感想聞かせてください( •̀∀•́ )✧











今年最初の写真は原田あおいと!



紅白では初期の頃の髪型に戻してみました。


久々にポニーテールでパフォーマンスをして、デビューしたてのサイレントマジョリティーの頃を思い出しました。


初心を忘れないことは大事ですね( ´・ω・)ﾉ












年始は愛知の実家に帰っていました!


バムに久しぶりに会えたーーーーー♡♡



実家ではおばあちゃん手作りの草餅を食べたり、みんなで鍋したり、初詣行ったり、買い物に行ったり、


たくさん満喫出来ました(* 'ω')ﾉ


楽しかったーー!!




お休みモードから切り替えて!今年も欅坂46として頑張っていきます!


2017年もよろしくお願い致します。






みゆ


(1/15は握手会!楽しみ!)

  "
2016/12/31 10:09,今年が終わる…,"






こんばんは。




今日は12月30日。



明日は12月31日 大晦日。








そうです。明日はついに今年最後の日!!

2016年が終わってしまうーーーー




早すぎた1年。。

早くてとても濃かった1年でした。




そして今年の締めが『紅白歌合戦』。


私たち欅坂46はデビュー曲の「サイレントマジョリティー」を21人で披露させていただきます。


欅坂46にしかだせないかっこよさや、反抗心を思いっきりぶつけます!!

見ていてください。






21人で頑張るぞ。





またね




みゆ

  "
2016/12/30 02:06,12/24.25,"
こんばんは。先日は欅坂46の初ワンマンライブありがとうございました!!!欅坂46ならではのカッコよさが伝わっていたら嬉しいです( ´ー`)ﾉ有明ーーーーーーー!!原田あおたんとだよ〜〜ワンマンライブは成功するか前日までかなり不安な状態で日々 間に合うかな…って思っていました。限られた時間でとりあえず必死に覚えることを頭に詰め込んで、踊って、、そのリハーサルの時間が私は楽しくて仕方ありませんでした。本番に向けて完成していく構成や、パフォーマンスにワクワクが止まらなかったです。早くファンの皆さんに見てもらいたい!!って。絶対に来てくださったファンの方々に「来てよかった!」って思ってもらいたくてみんなで必死になって練習をしました。初日のOvertureの時点でなんかもう泣きそうで、やっとこの時が来た!って思っていました。1曲目から私の大好きな「大人は信じてくれない」で、本番みんな暴れまくっててすごく感情的になりました。ワンマンライブが終わるのがすごく寂しかったです。早くまたライブがしたい!!!あの景色をまた見たい!!!こんなに楽しいことがあるのか!って思いました!!ライブサイコーーーーー!!!来てくださった方々、本当にありがとうございました^ ^今回私たちの力だけじゃあこのライブは成功しなかったです。たくさん私たちを支えてくださったスタッフの皆さん、そしてファンの皆さんありがとうございました(*˘︶˘*)今回のライブでたくさん課題が見つかりました。次に繋がるようにこれからも頑張ります!おやすみなさい!みゆ
"
2016/12/20 01:40,感謝,"
こんばんは。名古屋での個別握手会、全国握手会ありがとうございました!!!17日の個握ではクリスマスも近いということでサンタになりました(*'-'*)ﾉこのサンタの衣装 菅井ちゃんと偶然同じだったんです(°0°)‼︎そして、生誕祭もありがとうございました☆彡初めての生誕祭、、緊張しました。でも皆さんが暖かく見守ってくれているのがすごく伝わって欅坂のファンの方は良い人ばかりだなと思いました^ ^いつも本当に支えてもらっています。花束贈呈のとき今泉と一緒に乃木坂さんの渡辺みり愛さんが来てくださり びっくりしましたがとても嬉しかったです!♡♡サプライズの手紙では平手が出て来てくれて、その場で思ってることを伝えてくれて すごく嬉しかったです。平手いつもありがとう( ´ー`)ﾉ生誕祭楽しかったです!本当にありがとうございました!!!祝花♡♡♡18日の全国握手会もありがとうございました!!ミニライブでは初披露の曲もあって、緊張しましたが全力のパフォーマンスをお見せできたのではないかと思います!!私の好きな『大人は信じてくれない』も、ファンの方の前で披露出来てよかったです(*´˘`*)握手会では途中から欠席してしまい申し訳ありません。お待たせしていたファンの皆さんすみませんでした。年内最後にファンの皆さんに会えて良かったです次の握手会は来年の1/15!!!お楽しみに!♡みゆ
"
2016/12/16 13:31,あしたは。,"
こんにちはー。明日は名古屋で握手会です(*'-'*)ﾉ3rd初握手会が地元の愛知!!ファンの皆さんと握手するの本当に久々です(°0°)♪ファンレター読んでて、楽しみだな〜って思っていました^ ^そして3rdの公式グッズも発表されましたー!今回のマフラータオルの色がサイリウムカラーとなっていますが、、私は以前サイリウムカラーを白×水色とみなさんにお伝えしましたが、今回公式ペンライトに水色が無かったため""オレンジ×オレンジ""にします!!変更してすみません。でもLIVEなどでは白×水色もオレンジ×オレンジも両方見つけます☆彡よろしくお願いします。 ﾟ･*:.｡. .｡.:*･゜ﾟ･*:.｡. .｡.:*･゜ﾟ･*:.｡. .｡.:*･゜--お知らせ--『グラビアザテレビジョン』『EX大衆』発売中です!!どちらも今泉と2人で撮影させていただきました^ ^♪インタビューも見どころです!12月19日発売!『月刊ヤングマガジン』今泉 小林 平手 渡辺りか 私の5人で表紙を飾らせていただきました٩(●˙▿˙●)۶ぜひチェックしてみてください(･▽･*)♡またね〜明日待ってます♪みゆ
"
2016/12/15 21:06,apple pineapple,"
こんにちは。昨日はFNS歌謡祭2016 第2夜ありがとうございました!!去年に引き続き、""制服のマネキン""を乃木坂さんと一緒に踊らせていただきました^ ^他にも""桜の花びらたち""をたくさんのアイドルの皆さんと踊らせていただきとても嬉しかったです。桜の花びらたちは私が大好きな曲の1つで、踊れることを聞いた時本当に嬉しくて本番も幸せでした(*ﾟ‐ﾟ)そして、""PPAP""!!またピコ太郎さんとコラボさせていただき、私は長濱ねるとapple pineapple Tシャツを着ましたーー₍₍ (ง ˙ω˙)ว ⁾⁾守屋あかねんはピコ太郎さんになってました( •̀∀•́ )✧あかねん1位おめでとー!昨日はとても楽しかったです☆彡ありがとうございました!!乃木坂46さん3期生のたまちゃん(坂口珠美)☆実はお友達です^ ^またね〜みゆ
"
2016/12/06 00:36,ありがとーーーう!!,"








こんばんはー。


みなさんにご報告です!




今日で19歳になりましたー(*´ω`)ゝ





10代ラストか。。


次は20歳って考えると早いなーって本当に思います。



ずっと将来の夢はケーキ屋さんとかパティシエさんとかメイクさんになって人を笑顔にしたい!って思ってて、、

まさか自分がアイドルになるなんて予想していませんでした。


でもアイドルもたくさんの人を笑顔に出来るって欅坂に入ってから気づいて、ライブの時ファンの方の笑顔が見えたり 歓声とかを聞くと欅坂に入って本当によかったなって思います^ ^


これからも「謙虚・優しさ・絆」を忘れずに頑張っていきます!!









今日はメンバーに祝ってもらいました(´∀`,,人)♥*.







ありがとーーーーーう!!!♡




いい誕生日になりました♡♡








◆◇◆◇◆◇◆◇◆◇◆◇◆◇◆◇◆◇◆◇







--お知らせ--



♡BIG ONE GIRLS

♡月刊エンタメ


発売中です!!




そして明日!


♡Top Yell    発売です!!


よかったらぜひみてください♡





ばいばーい(*'-'*)ﾉ




みゆ

  "
2016/11/30 15:24,サラダ,"
こんにちは。この間恵比寿にあるGreen Brothersというお店に行ってきましたー!すっごくオイシカッタ♡♡また食べたいな〜今日11月30日に私達の3rdシングル『二人セゾン』がリリースされました!!!1st、2ndに続きまたCDを出せることに感謝しています╰(*´︶`*)╯MusicVideoにも注目です!!二人セゾンのダンスは欅の木の形から始まって、最後欅の木で終わります。みんなで手を伸ばしてタワーを作るのですがその形は「欅の木」を表しています。振り付けしてくださったTAKAHIRO先生も欅の木にとてもこだわっています 見どころです!『二人セゾン』皆さんぜひ聴いてみてください( ´ー`)ﾉばいばーいHUSTLE PRESS公開されてます!!ぜひ見てね^ ^みゆ
"
2016/11/28 14:09,マンガ,"







こんにちはー。







最近漫画にはまり中。



実は志田もな に「スイッチガール‼︎」を全巻借りてて、今それを読んでます( ´ー`)ﾉ



ほんとーーーーーーーに面白すぎて部屋で自分が引くくらいめちゃめちゃ笑ってます( •̀∀•́ )



いつも寝る前に読むのが楽しみ!


つい寝るのが遅くなっちゃいます、、





もっと色々読みたいな〜って。



皆さんのオススメ教えてほしいです(*ﾉωﾉ)


ちなみに少女漫画が好きです^ ^




あーなに買おうかなーーー  迷う。


優柔不断が炸裂しそうだ、、







♪♫♬♩♩♪♬♫♪♩♩♫♬♫♪♫♩♬♫♪♬♩♬








見てくださいこれ!!












この間だに(オダナナ)が誕生日プレゼントくれたんです!!!

愛を感じました。




でも誕生日12月だから少し早いなーと思って、


「ありがとう!!でも誕生日12月だよー?」

って言ったら


「え!?うそー!」って。笑


11月と間違えてたみたいです(´・ω・)



間違えちゃうオダナナかわいーなー♡って思いました。


プレゼントくれたことが本当に嬉しかったー!!



だにありがとうー^ ^











またね〜








みゆ

  "
2016/11/27 10:36,ヘドバン,"
こんにちは。早速ですが見てほしい写真が、、、おぜかわーーーーーーーーーーο(☆▽☆)οたまらなくかわいい。。♡おぜきー♡そう!!3rdシングルのカップリング曲「大人は信じてくれない」のMusicVideoフルサイズが期間限定で公開されてます!私 ""大人は信じてくれない"" 大好きなんです!!注目してほしいところは歌詞です!大人への反抗の気持ちがストレートに書かれていて、サビだけではなく全て共感できる歌詞になっているのでぜひ聴いてみてください!!そしてなによりダンス!カップリング曲もTAKAHIRO先生に振り付けしていただきました!!サビ部分の全員振りが1人1人違うところと、ヘッドバンキングと、後半の3.4人ずつで踊るシーンが見どころです!!その後半の3.4人ずつの部分のダンスはTAKAHIRO先生に「ここは自分たちで振りを考えてみてほしい」と言われ、ダンサーさんにアドバイスをいただきながら考えました!かなり苦戦しましたが、私は歌詞にピッタリ合うダンスにしました!それぞれ1人1人を見ていただきたいです^ ^ぜひMusicVideo見てみてください☆彡お知らせ(* 'ー')ﾉ☆月刊AKB48グループ新聞 ☆UTB☆B.L.T.☆SamuraiELO☆月刊TVnavi発売中です(σ･ω･)σチェックしてね^ ^SamuraiELOの衣装↑トラ!!ばいばーいみゆ
"
2016/11/26 08:13,紅組,"
こんばんは!私達欅坂46が 第67回NHK紅白歌合戦 に初出場させていただくことが決定致しました!毎年家族や親戚と一緒に見ていた紅白にまさかでるなんて…  まだ実感が湧きません昨日記者会見に参加させていただいたのですが緊張しすぎてずっとガチガチでした、、デビューして1年も経っていない私達が世間の方々に受け入れてもらえるかとても不安だし、正直怖いです。今は嬉しさとか楽しみより不安でいっぱいです。でも見てくださる方の心に残るように、私達が夢を与えられるように今までたくさん経験してきたことをここで活かしたいと思います!!本番で自信を持ってパフォーマンスが出来るように21人で精いっぱい頑張ります!!応援してくださると嬉しいです^ ^寒くなってきたので体調崩さないように気をつけてください(*'-'*)ﾉみゆ
"
2016/11/18 01:16,ベストヒット歌謡祭,"
こんばんは。最近運動をする機会が多いです( ´ー`)ﾉ体を動かすのすきー先週の 欅って、書けない?では秋の運動会をしました!!予想以上に自分の体力が衰えててびっくり……持久力が本当に無いので鍛えなきゃなって、、(´ . .̫ . `)やったるでーーーーー・・・・・・・・・・・・・・・・・・・・・みなさん3rdシングル「二人セゾン」はもう聴いてくださいましたか??私は毎日お風呂で聴いてます٩(• • )۶1st、2ndとはポジションも、曲の雰囲気も、衣装もガラッと変わり 今までとは違った欅坂46の色を出せるのではないかと思います!!歌詞にも注目して聴いてみてください!二人セゾン〜二人セゾン〜ってつい口ずさんじゃう(* 'ー')ﾉ頭に残る曲です^ ^カップリングもお楽しみに!!!そしてそして!今日はベストヒット歌謡祭に出演させていただきましたー!!!たんさんのアーティストさんがいらっしゃる中で、とても不安でしたが サイレントマジョリティーを披露することができて嬉しかったです!ありがとうございました久々に編み込みしたのさ〜またねーみゆ
"
2016/11/10 23:30,帽子,"
こんにちは!出かける時は帽子をよくかぶるのですが、風で飛ばされるのが最近の悩み。外の状況を知らないまま外に出ることが多くて 薄着で出たらすごい寒かったり、天気気にせず出たら雨降ってたり…また部屋に戻ることがよくあります面倒だなーって思いながらなかなか直らない( ￣_￣)まあいいか。今日はキャップ先日AKB新聞の取材を受けました!!たくさん内容が詰まってます!11月18日に発売なのでぜひチェックしてみてください(*ﾟーﾟ*)またね〜みゆ
"
2016/11/07 22:42,11月,"



こんばんは。



11月突入〜

本格的に寒くなってきましたね、、


待ちにまったクリスマスがやってくる(♡´꒳`*)


クリスマスが一番好き⁽⁽ଘ( ˊᵕˋ )ଓ⁾⁾


12月楽しみだな〜





そう!12月といえば3rdシングル最初の握手会が名古屋で行われます!


地元でできて嬉しいです^ ^


全国握手会のミニライブでは初披露のパフォーマンスもあると思うのでお楽しみに(*ﾟ‐ﾟ)








牛??

いつの写真でしょー?









アルパカくんの顔 (笑) かわいい(笑)




またね〜




みゆ

  "
2016/10/31 17:13,ハッピー,"


 
 

今日はハロウィ〜〜ン
 
 
特別に何かするっていうのがないけど、、笑
 
 
隣は渡邉りさだよ♪
 
 

 
Yeah!! りさ〜
 
 
今年はハロウィン期間にディズニー行けたから満足ー!サイコー!
 
 
 
 
 
あー運動したいな〜
 
 
小さい頃 運動が好きで、高校の時 運動が嫌いになって、今は運動したい
 
 
私にとって運動とかダンスはストレス発散!
 
 
TAKAHIRO先生のダンスは踊っていて気持ちいいです(*˘︶˘*)
 
 
新しい曲の振り付けの時は どんなダンスなのかな〜ってワクワクします☆彡
 
 
 
3rdシングル『二人セゾン』のダンスも楽しみにしててください♡♡
 
 
 
 
 
ばいばい
 
 
 
みゆ
 
 
 
 
 
 

"
2016/10/30 01:13,ハロウィンライブ,"
2回目のこんばんは。今日は『日テレ HALLOWEEN LIVE』に出演させていただきましたヽ(´∀`≡´∀`)ﾉ欅坂のハロウィンダンスの時にフランケンの仮装をした安村さんが入ってきてくださりステージを盛り上げてくださいました!!ありがとうございます!欅坂のLIVEの他にも ピコ太郎さん、ナオト・インティライミさんともコラボさせていただき本当に楽しいハロウィンLIVEでした!!ピコ太郎さんと一緒にPPAPを踊ることができて嬉しかったです( •̀∀•́ )✧ナオト・インティライミさんとは何度かお会いしていて、今日 カーニバる?の曲でコラボさせていただけてすごく光栄です(*ﾟーﾟ*)まこみなさんとも一緒にタオルをみんなでブンブン!回しました!!楽しかったな〜〜おぜきーおぜかわ〜今日は語るなら未来を…の衣装に血のりをつけた仕様になってます(*ﾟ‐ﾟ)気づきましたか?(*ﾟ‐ﾟ)そして手にも血のり。。こうやって普段しないことをするとすごくテンションがあがる( ´ー`)ﾉ今日も楽しすぎました!!ありがとうございました^ ^・・・・・・・・・・・・・・・・・・・・・今日の出来事。織田「ねー!ぽん写真撮ろ!!ねー!!」織田「撮るよー!はい!」小林「・・・」織田の想いはいつ届くかな。私は織田が大好きだよ♡ばいばーいみゆ
"
2016/10/29 16:54,さむい,"



こんばんは〜



さむい。最近寒すぎる。


一気に冬に近づいた気がする。



部屋にいる時 暖房つけようかな〜って思うけどまだ我慢。


暖房って肌がすごい乾燥するからあまりつけたくない( ￣_￣)


いつまで耐えられるかな、、







この間ファンレターをいただいたので読みました(*'-'*)ﾉ


ファンレターを読んでて泣くことは結構あります(_ _。)･･･


悲しくて、とかじゃなくて嬉し涙です!!笑



ファンの方々にはたくさん支えてもらってます^ ^


いつもありがとうございます(´ . .̫ . `)♡



もっと会える機会が増えたらな〜って…


いつも支えてくださる皆さんに成長した姿を見せられるように頑張ります!!!



今の目標は 欅坂46だけのLIVEをすること!!



目標をひとつひとつ達成していきたいです☆彡



こんな私ですがこれからも応援よろしくお願いします( ;  ; )






またね!









みゆ

  "
2016/10/25 15:38,夢,"
こんばんばむ。昨日ディズニーに行った夢を見ました(*ﾟ∀ﾟ*)ディズニーで必死に走ってお店回ってぬいぐるみを大量買いして、後から「なんでこんなに買ったんだ ……?」って少し後悔する夢でした。最近楽しい夢ばかり見ます☆彡少し前までは毎日悪夢しか見てなかったので気分がいい〜夢の内容はいつも平手に報告します( ˊ̱˂˃ˋ̱ )ははくだらない内容にちゃんと返信してくれる(´・ω・)優しい平手でした。おしまい。・・・・・・・・・・・・・・・・・・・・・発売中! 『BRODY』12月号 欅坂46が大特集で登場させていただいてます!!(欅坂46×武器)滅多にない経験で撮影時はみんなワクワクして、「このポーズかっこいい?」とか「どっちの手で持ったほうがいい?」とかみんなノリノリで撮影しました!中にはドキュメントも載ってます!私も全部読みましたが、すごく感動しました。私自身も知らなかったことがたくさんあって この時こんなことがあったんだ、、って思うところもありました。ファンの方やたくさんの方々に読んでいただきたいなと思いました。ぜひチェックしてください(•ө•)♡またね〜みゆ
"
2016/10/24 11:56,Halloween,"

 


こんにちは〜
 
 
 
昨日はPERFECT HALLOWEEN 2016に出演させていただきました☆彡
 
 
 
今までで一番多くの曲をパフォーマンスして、大変だなって思うこともありましたがそれ以上にLIVEが楽しすぎました!!!
 
 
 
 
今回は GOLDEN TOWERでRADIO FISHさんと、PERFECT HUMANでは超特急さんともコラボさせていただきました(*'-'*)ﾉ
 
 
 
振り入れもRADIO FISHの方々にしていただきすごく貴重な経験でした!!
 
  
 
 
オリエンタルラジオさんもとても優しくて アドバイスをくださったりとても心強かったです(´ . .̫ . `)
 
 
ありがとうございました^ ^
 
 
 
 
 
 
そして
Halloween企画としてLIVE中に客席の近くへ行ってサインボールを投げました〜
 
 
ライブでファンの方の近くに行けることってなかなかなかったので、すごく楽しかったし ファンの方の笑顔がたくさん見れて嬉しかったです(*´˘`*)♡
 
 
お客さんもマリオとルイージとか、スヌーピーとか、白雪姫とか、猫とか、いろんな仮装をしててみんなでハロウィン気分味わえたんじゃないかなって思います!
 
 
またこうやってできたら良いなヽ(´∀`≡´∀`)ﾉ
 
 
来てくださった方々ありがとうございました!!
 
次は 日テレ HALLOWEEN LIVE 2016!!
 
 
楽しみにしててください♡
 
 
 
 
 
 
またね〜

みゆ
 
 
 
 


"
2016/10/20 13:03,念願の,"



こんにちはー


今日朝起きたらドラえもんのポケットがお腹に



…ついていた夢を見ました。(*ﾟーﾟ*)


中学生の頃ドラえもんのポケットが欲しくてたまらない時期があって、いろんなところに行く妄想をしてました₍₍ (ง ˙ω˙)ว ⁾⁾


今行きたいところは〜海外!!


行ったことないけどいつか行きたいな〜って考えてます( •̀∀•́ )✧


ニューヨークとかシンガポールとかパリとか、、





そういえば!!


この間ディズニーシーに行ってきました(°0°)♡


絶対にハロウィンの期間に行きたくて、、



念願のディズニー…♡♡


友達と行って、めっちゃ楽しかったです!!


たくさん乗り物乗って、たくさん買い物してかなり満喫してきました☆彡


次は絶対クリスマスの時期に行く!!







ディズニーのテンション (笑)


必ずジェラトーニを連れて行く♡



あー早くまた行きたいな〜





ばいばーい





みゆ

  "
2016/10/20 03:07,(•ө•)♡,"




こんにちは。




お知らせです(•ө•)




11月1日発売 『SPA!』


オシャレな服をだったり、部屋着だったり、、


いろんな雰囲気で撮影していただきました!










はっちゃけー!





からの










クール 



(笑)




この3人での撮影は初めてでした(*ﾟ▽ﾟﾉﾉﾞ


すっごくタノシカッタ。


ぜひチェックしてね〜♡





ばいばい



みゆ

  "
2016/10/19 09:38,  3rdシングル,"




こんばんは。



先週の全国握手会で欠席してしまい申し訳ありませんでした。


皆さんに心配とご迷惑をおかけしてしまいすみません。




・・・・・・・・・・・・・・・・・・・・・






先日3rdシングルの選抜発表がありました。



私は1stシングルでフロント、2ndシングルで2列目をやらせていただきました。


そして今回は再びフロントに選んでいただきました。


今まで結果を残せていない私が何で。という思いです


欅坂のファンの方にも同じことを思ってる方は少なくないと思います



でも再びチャンスを与えていただいたことに感謝して3rdシングル頑張ります。



フォーメーションが今までとかなり変わり、新たな欅坂46の色を出せると思うので楽しみにしていてください!!






みゆ

  "
2016/10/13 14:09,栗きんとん,"

 


こんにちばむ。
 
 
 
朝起きると寒すぎて布団から出れない〜〜
 
 
 
秋っぽくなって過ごしやすくなったなーって思ったけど、もう冬なんじゃないかってくらい寒い…
 
 
秋は過ぎるのが早いなーーー。
 
 
 
 
最近どこのお店に行っても「〜栗味」とか「マロン味」とかが目に入って入って、、、
 
 
 
あーもう私はどうすればいいかな。
 
 
全部買うわけにもいかないし。はー
 
 
期間限定というものにやられる(´・ω・)
 
 
 
 
 
今年初めて食べた栗の食べ物は、栗きんとん(和菓子)です!!
 
 
⚠︎和菓子の栗きんとんです。
 
おせちのは苦手。栗の味があまりしない。
 
 
 
 
 
 
 
 
 
 
・・・・・・・・・・・・・・・・・・・・・
 
 
 
 
3rd個別握手会の応募が始まってます(*ﾟーﾟ*)
 
 
第2次応募が明日の14時までです☆彡
チェックしてみてください٩(• • )۶Yeah!
 


 
先日の幕張にて♡ ↓↓

 
私の好きな色!!
 
祝花ありがとうございました♡
 
 
 
 
 
 

 
 
もうすぐHalloween⁽⁽ଘ( ˊᵕˋ )ଓ⁾⁾
 
 
 
 
ばいちゃ
 
 
 
みゆ
 
 
 


"
2016/10/12 13:16,餃子,"



こんばんは〜


秋だ〜〜〜








守屋あかねーん(*'-'*)

握手会で制服着たよ〜













3部で体調が悪くなり皆さんを待たせてしまいました。すみませんでした。








・・・・・・・・・・・・・・・・・・・・・





最近餃子を作りました!









⚠︎ちょっと雑なのでぼかしました


昔から餃子はお母さんとかお姉ちゃんと包むのですが、飽きっぽいのですぐ飽きて 私だけいろんな形に包んでました


小籠包みたいにしたり、風車みたいにしたり変な形のばっかり作ってました(笑)



今回は初めて1人で真面目に包みました。


途中でやっぱり飽きました。はは



同じ作業することが苦手です

でも細かい作業は好きです




次は何に挑戦しようかな〜



ああディズニー行きたいな。年パス買おうかな。


好きなキャラクターはジェラトーニ。


あ、ダッフィーとシェリーメイも好き。







ばいばい。





みゆ

  "
2016/10/03 03:03,迷ネーズ,"



こんばんは!



私は鼻がよくて匂いフェチなんですが、今すごく柔軟剤を何にしようか迷っています(´ . .̫ . `)


すっごく優柔不断なので何回も試しに匂って迷って、なかなか決まりません。。


でももう今使ってるやつが無くなる…

早く決めなきゃ。


失敗しませんように。






メンバーもすごくいい香りがします(*ﾟーﾟ*)


石森にじかの匂いが好き〜( ˙³˙)~♡


あーにじかの香りだ〜って。








今は香水使ってるけど、香水をやめて自然な感じもいいなーって最近は思います(｡･o･｡)ﾉ




匂いといえば!!!


秋になってきて、外に出ると冬に近づいてる匂いがする〜


夕方と夜の匂いがとてもいい。


これからが楽しみです!





じゃあね〜







マスク大きいー




ばいばーい

  "
2016/09/26 13:59,秋冬,"



こんばんばむ。




いま着々と秋冬服を買う準備をしてます(* 'ー')ﾉ


ネットでたくさん調べて欲しい物を厳選してお店に買いに行く、、


楽しみすぎる(*ﾟ‐ﾟ)♪



最近自分好みのブランドを見つけて…早くその店に買いに行きたいです٩(• • )۶



ディズニーも行きたいです(σ･ω･)σ


連れてって〜…











じゃあね、

















みゆ

  "
2016/09/25 02:06,@JAM×ナタリー EXPO 2016,"
こんばんは〜最近自分でも怖いくらい毎日テンションが高くて困っています。。(o_o)どうしようメンバーに嫌われそう((°°;)頑張って少し抑えます。ふうさてさて今日の写真です٩( 'ω' )و土生ちゃ〜ん☆髪の毛スーパーさらさらや、、しーちゃん☆(佐藤しおり)大人っぽい雰囲気憧れる。( ￣_￣)ﾎﾞｰあっかねーん☆(守屋あかね)私はあかねんを天使だと思ってます( ˙³˙)( ˙³˙)今日はライブありがとうございました!!いろんなアイドルさんが出演してる中でデビュー間もない私たちが出させていただけて本当にありがたいです。またイベントやライブに出させていただけるよう精一杯頑張ります( •̀∀•́ )✧ばいちゃちゃちゃ終わった直後で汗だく〜おやすみなさいみゆ
"
2016/09/23 04:13,京都,"
こんばんは〜今日は握手会ありがとうございました(*・ｪ･*)ﾉ★久々の京都!!京都だから浴衣着たよ♪1.2部はサイドポニー( ´ー`)ﾉケータリングで白玉が出たのー!!4.5部はおろしたよ〜織田ママが撮ってくれた♡織田なな〜最近私がテンション高すぎてだいぶ冷たい。でもオセロは一緒にやってくれた あはよね(米谷ななみ)〜どんどんオシャレになっていくよねみ、、置いてかれる。まだ京都では全国握手会もあるので今日来れなかった方もぜひ来てね(｡･o･｡)ﾉ ♡ミニライブもあります٩(●˙▿˙●)۶まってまーす!!ばいばーいみゆ
"
2016/09/21 20:38,浴衣,"
こんばんはー!明日は個別握手会だよ〜〜この前ファンレターを読んでたら、握手会行くね!っていう方が多くて嬉しかったです⁽⁽ଘ( ˊᵕˋ )ଓ⁾⁾ファンレターや握手会ではいつも元気をもらってるので 前日はウキウキー♪明日楽しみにしていてください♡ばいばーい寝坊したらおこだお (平手風)みゆ
"
2016/09/20 12:40,夢の国,"
こんにちはーディズニーに行きたい〜〜って最近口癖のように言ってます( ˙³˙)( ˙³˙)自分の部屋ではインテリアをディズニーやお姫様みたいにして自分の好きなようにしています╰(*´︶`*)╯ディズニーのホテルに住みたい、、海外のディズニーにもいつか行こうと思ってます♪私は絶叫マシンに乗って叫びまくるのが大好きなのでいつかメンバーと行きたいな〜じゃあねー秋服ほしーなー前髪伸びてきたよーんみゆ
"
2016/09/19 01:24,バム,"



こんばんばむ。



今日はバム特集⁽⁽ଘ( ˊᵕˋ )ଓ⁾⁾









バムは私が小学3年生の時に家に来ました!!


犬が欲しい!!!!ってお姉ちゃんと一緒にお母さんとお父さんに頼んで飼うことに♪


犬飼いたいって言い出したのは私なのに子犬のバムが怖くて怖くて、、、


小さい時から私とバムはライバルみたいな関係です(*・ω・*)


でも上京してからバムと会うことがほとんど無く バムに忘れられないかかなり心配しながらいつも帰るけど、必ず覚えててくれて駆け寄ってきてくれるので嬉しいです♡♡



普段私がしつこく構うからバムから寄ってきてくれることはありません、


でも私がリビングで寝てて起きるといつも隣で一緒に寝てます。


起きると離れていくけど、、( _∇_)




そんなにいつもしつこいかな…( ￣_￣)
























バムは写真撮られるのが嫌いだけどじっとしててくれました(*ﾟ▽ﾟﾉﾉﾞ
















一緒にゴロゴロしたよ〜



またすぐバムに会えますように♡♡















ばいばーい



みゆ

  "
2016/09/16 12:35,BBQ,"
こんばんは。この間BBQしましたー!ねぎま作った(•ө•)お父さんに肉が大きい!って言われました。BBQで私が好きなのは、ミニトマトをベーコンで巻いたやつとスモークチーズの串焼き!!チーズがとろとろになるんです!やってみてください⁽⁽ଘ( ˊᵕˋ )ଓ⁾⁾デザートはフルーツポンチ☆彡しゅわしゅわ〜メロンとブドウ♪♪全部美味しかったな(*´﹃`*)今年はたぶんもうBBQする機会がないので、思う存分楽しみました!!!メンバーともまたやりたいな〜またねーみゆとバム
"
2016/09/13 11:41,お菓子作り,"



こんにちばむ。



今年は台風が多いな～


最近お菓子作りをしました٩(• • )۶







紅茶のシフォンケーキ♪

ふわっふわに出来ました。


友達の家にもって行ったよ〜ʕ·ᴥ·　ʔ











はちみつのシフォンケーキ!!


こっちはもちもちになりました〜










紅茶のクッキー☆彡


紅茶の味が大好き過ぎて紅茶ばかり、




本当はパンが作りたかったんだ。( ￣_￣)



次はパンを作って載せます(*'-'*)




やっぱり料理もお菓子作りも大好き!!


わーーーい









昨日は握手会ありがとうございました(*ﾟーﾟ*)♡







ばいばい


みゆ

  "
2016/09/08 12:32,秋,"
こんにちばむ。もうすぐ夏が終わりそうだな。。私の大好きな秋がくる〜(´ . .̫ . `)♡秋の食べ物が1番好き!!栗もあるし〜さつまいももあるし〜早く栗きんとん食べたいな(_ _).｡o○今年も家で実るかな、、秋冬が好きで夏が大嫌いだったけど、今年夏を過ごして夏も好きになりました!!!花火も見れて、海も行って、BBQもできて、、何よりライブやフェスにたくさん出演させていただいたことがすごく嬉しかったし楽しかったです٩(●˙▿˙●)۶夏にしかできないことをいろいろ経験して、今年の夏は充実した日々を過ごせました!!わーーーい(*'-'*)ﾉまた来年の夏もファンの方の前でたくさんパフォーマンスしたいな〜☆彡またね〜みゆ
"
2016/09/07 14:11,もももももも,"
こんばんはー。KEYAROOMにて(*˘︶˘*)いつも帰宅したら即ちょんまげ(σ･ω･)σ前髪早く伸びないかな〜この前おばあちゃんからたくさん桃が届きました!!黄色の桃〜☆彡私はヨーグルトに桃を入れて食べるのが好きなので今回も桃ヨーグルトにして食べます⁽⁽ଘ( ˊᵕˋ )ଓ⁾⁾ヨーグルトは生乳100%の無糖!!↑こだわり( •̀∀•́ )✧皆さんも試してみてください☆☆愛犬のバムがカットに行ったみたいです(°0°)‼︎かわいいーーーーカットの時は男の子なのにいつもリボンつけて帰ってきます♪バムに会いたいな〜ばいばーいみゆ
"
2016/09/04 17:12,握手会,"



こんにちは!



昨日は全国握手会ありがとうございました!♡


本当にたくさんの方が来てくださり嬉しかったです(*・ｪ･*)ﾉ



今回は上村りなとペアでしたーヾ(´︶`♡)ﾉ 


りなありがとう(*'-'*)






パフォーマンスはどうでしたかー??


初めて欅坂を見に来てくださった方が多くて、すごく嬉しかったです!!!



来週の11日には個別握手会があります☆彡


ぜひ来てね(•ө•)♡




ばいばい






みゆ

  "
2016/09/01 09:52,ダンス,"
こんにちばむウインク♪台風過ぎ去ってよかった〜☆彡よく握手会で「最近ハマってることある?」って聞かれるんですけど、最近熱中できること何もないな〜って。趣味も特技も無くて、、何か見つけたい!! なんかないかなー最近だと、私は踊ることがすごく好きなので 乃木坂46さんやE-girlsさんや少女時代さんのダンスをいつも研究しています₍₍ (ง ˙ω˙)ว ⁾⁾元々ヒップホップを習っていたことがあったせいか、踊るとどうしてもヒップホップっぽくなってしまう…乃木坂さんのようにアイドルっぽくて女の子らしいダンスが全くできなくてデビュー前ダンスレッスンではかなり苦戦しました(-_-;)ダンスに精一杯で表情のことも考えれませんでした。。今もまだまだたくさん課題があるので少しずつ乗り越えていきたいと思います!!!今ハマってるのはダンス研究かな(๑˃̵ᴗ˂̵)و ばいばーいみゆ
"
2016/08/29 02:40,握手会,"



こんばんは!



今日はパシフィコ横浜で個別握手会でしたー٩(ˊᗜˋ*)و

雨の中ありがとうございました( ;  ; )♡



ゆかたゆかた〜




2.3部はツイン(｡･o･｡)ﾉ







4.5部はお団子〜☆彡


珍しいツインテールしてみた(*・ｪ･*)ﾉ




9月3日には幕張メッセで全国握手会!!!

ライブ楽しみ♡♡


待ってます( ˘ ³˘)





ばいちゃ。





今泉♡平手♡



みゆ

  "
2016/08/26 05:48,2年目,"
こんばんは!この間の8月21日で欅坂46が結成してから1年が経ちました( ´ー`)ﾉ本当にあっという間だったな〜たくさん色んなことを経験させていただき、たくさん成長出来た気がします。もし欅坂に入ってなかったら感情もなく苦労を知らないつまらない人生だったと思います。今までスタッフさんやメンバーと支え合いながら、色んなことを乗り越えてきました。1年経って少し自信がついたこともありますこれからの不安もあります初心と感謝の気持ちを忘れずに2年目も精一杯頑張りたいと思います!!!これからも欅坂46をよろしくお願いします!!ファンのみなさんが大好きです(•ө•)♡いつもありがとうございますみゆ
"
2016/08/16 15:55,ストレート,"



こんにちは!


最近太陽を浴びることが多くて嬉しい(๑˃̵ᴗ˂̵)و 



今日は写真をいっぱい載せようかな〜







はい!守屋あかねん♡


これはレッスンのときー











次は渡辺ぺーたー♡

よくわかんないポーズ(∩˙ϖ˙∩)













次は平手♡

こち星のときだよ〜




まだまだあるけど今日はおしまい( ˙³˙)~♡




ばいばーい






最近ストレートが好き。


みゆ





握手会楽しかったです♡♡

ありがとうございました♡♡

  "
2016/08/11 19:31,愛♡,"
こんばんは!今日のめざましライブありがとうございました♡そしてついについに!!2ndシングル『世界には愛しかない』がリリースされましたヽ(´∀`≡´∀`)ﾉ皆さんもう手に入れましたかー??私もCDいただきました(*'-'*)ﾉ曲もジャケット写真もサイレントマジョリティーとはまた違い、爽やかで青春!って感じになっています☆彡だーれだ。表題曲の""世界には愛しかない""も もちろん聴いてほしいのですが、カップリングもいい曲になっています!注目してほしいのは『語るなら未来を…』です!!欅の曲で1番ダンスが激しい曲になってます!!Music Videoぜひ見てみてください☆彡・・・・・・・・・・・・・・・・・・・・・昨日のオールナイトニッポン聴いてくださいましたか??深夜の1時〜3時までやらせていただきました٩(●˙▿˙●)۶SHOWROOMもありがとうございました!ラジオ楽しかったな〜明日のこち星もぜひ聞いてね♩ばいばーい明日はMUSIC STATION☆彡みゆ
"
2016/08/07 22:02,TIF☆彡,"
こんばんは!昨日と今日 TOKYO IDOL FESTIVAL 2016に出演させていただきましたーーー!!計4公演 出演しました٩(●˙▿˙●)۶どの会場もすごい盛り上がりでとっっっても楽しかったです(*´ω`)♡野外でのライブまだ経験が少ないので 新鮮な気持ちでした!開放感あふれる野外ライブが大好きです⁽⁽ଘ( ˊᵕˋ )ଓ⁾⁾今回、ファンのみなさんの前で初めて 2ndシングル『世界には愛しかない』のフルバージョンを披露しました!来てくださった方、、どうでしたか??2番のポエトリーリーディングを菅井ゆうかちゃんと私でやらせていただいてて、今回 初めてだったので すーーーっごく緊張しました。。声が震えました(　 ﾟ ▽ ﾟ ;)・・・・・・・・・・・・・・・・・・・・・渡辺ぺーちゃん♡渡邉りさ♡織田まま♡昨日と今日 ありがとうございました!!!またね欅って、書けない?見てね!!みゆ
"
2016/08/05 18:43,ついに,"
こんにちは。私たち初主演のドラマ『徳山大五郎を誰が殺したか?』今月3日にクランクアップしました!!!初めてのドラマで分からないことだらけで、ドラマが決まった時も撮影中も不安でいっぱいでした。ドラマの大変さとか演技の難しさとか、改めて色々なことがわかりました。撮影していくうちにだんだん心の余裕がでてきて楽しくなってきた!って時にクランクアップ、、正直すごく寂しいです。。メンバーや出演者の方、ドラマのスタッフの方々で1つのものを作り上げていくことがすごく楽しかったです!!ああ終わっちゃったんだ、、ってまたみんなでドラマやりたいな〜最後の制服。＂徳山大五郎を誰が殺したか?＂素晴らしい作品になりました。毎週土曜 深夜0時20分からやってます!!ぜひ見てね♡ばいびみゆ
"
2016/08/01 02:25,Disney♡,"
こんばんは。最近ディズニーの曲を聴きながら寝るのにハマっています(*'-'*)ﾉ♪そうすると夢にケーキとかお城とかが出てくるんですヾ(´︶`♡)ﾉディズニー行きたいな〜私のオススメは、、リトルマーメイドの『Part of your would』アナと雪の女王の『とびら開けて』リロ&スティッチの『アロハ・エ・コモ・マイ』です٩(●˙▿˙●)۶聴いてみてね!!メンバーとも最近ディズニー行きたいね〜ってよく話します(*´﹃`*)・・・・・・・・・・・・・・・・・・・・・個別握手会まだまだ応募してます次は8月4日15:00〜です( ´ー`)ﾉきてね〜ばいばいみゆ
"
2016/07/23 11:50,るんるん,"
こんにちは!2ndシングルの情報がどんどん解禁されてます!!☆『世界には愛しかない』☆『語るなら未来を…』(カップリング曲)のMusic Videoフルサイズが公開されています(*ﾟ▽ﾟﾉﾉﾞどちらもサイレントマジョリティーに続きTAKAHIRO先生に振り付けしていただきました!!!TAKAHIRO先生が振り付けしてくださるダンスはたくさんの想いが込められていていつも感動します。私たちのことを1番に考えてくださり、本当に大好きな先生です^ ^そして今日はまだ解禁されていないカップリング曲のMusic Video 観賞会Part.2 がSHOW ROOMにて生配信されます!ぜひ見てね〜個別握手会の応募もたくさんありがとうございます(*'-'*)♡ファンの皆さんに会えるのが今から楽しみ*ଘ(੭*ˊᵕˋ)੭2ndは浴衣着たいな♪お楽しみに!!!最近お母さんに買ってもらったgelatopiqueのルームウェアがお気に入り♡♡また写真撮ったら載せますね٩(• • )۶ばいばーいみゆ
"
2016/07/21 20:55,,"
こんばんは。 鈴本美愉です。少しの間 体調不良になってしまい、皆さんに心配とご迷惑をおかけして本当に申し訳ありません。もう復帰しましたのでこれからメンバーとの遅れを取り戻しながら精一杯やっていきます。ファンの皆さんには暖かく見守っていただけたらと思います。これからもよろしくお願いします。鈴本美愉
"
2016/07/03 12:23,きっかけ,"
こんばんは。昨日は THE MUSIC DAY に出させていただきました!!今回は乃木坂46さんと一緒に『きっかけ』を躍らせていただきました。ご一緒してみて、乃木坂46さんのパフォーマンスにも佇まいにも圧倒されました。私にとって乃木坂46さんはずっと憧れの存在です。世界には愛しかない は2回目の披露だったので、緊張せず楽しんでパフォーマンス出来ました٩(●˙▿˙●)۶今年の夏は音楽番組やフェスに出させていただける機会があるので、一回一回のパフォーマンスを大切にして披露するたびにどんどん成長していけるように頑張ります!!新衣装!!昨日はありがとうございました(*ﾟーﾟ*)みゆ
"
2016/06/30 18:50,世界には愛しかない,"
こんにちは。昨日はテレ東音楽祭ありがとうございました!!2ndシングル『世界には愛しかない』の初パフォーマンスをさせていただきました( •̀∀•́ )✧衣装は白の夏らしいイメージで、ダンスもさわやかで疾走感のある感じになっています!!どうでしたか??初めての披露だったのですごく不安があって、本番前も緊張してずっとみんなそわそわしてましたパフォーマンスも表現力もまだまだで、私は納得出来ませんでした。サイレントマジョリティーでみんなの自信がついたように、今回の楽曲でも堂々と披露出来るように全員で頑張ります。しだ☆彡今日の15:00〜 個別握手会第4次応募受付が始まるのでよかったらチェックしてね(*'-'*)ばいばいみゆ
"
2016/06/27 23:47,選抜発表,"
こんばんは!今日もいい天気だった〜昨日の欅って、書けない?で、2ndシングルの選抜発表がされました。正直すごく悔しいです。でも私は前だけ見て2ndシングル全力で頑張ります。なのでファンの方には見守ってもらえたら嬉しいです。これからもよろしくお願いします2ndシングルは長濱ねるも含め21人で盛り上げます!!お楽しみに!!!!・・・・・・・・・・・・・・・・・・・・・昨日の写真〜守屋あかねん♡キャップ合わせたの♡原田あおい♡長濱ねるねる♡個別握手会はみんなのいろんな姿が見れて楽しい!!!2ndの握手会もお楽しみに!!ばいびーみゆ
"
2016/06/27 00:49,てのひらて,"
こんばんは!今日は個別握手会ありがとうございました(*'-'*)ﾉ今日はアリアナ・グランデさんのTシャツに猫耳をしました(^･ｪ･)にゃーそして今日生誕祭だった♡ひらて♡ 6/25♡土生ちゃん♡ 7/7♡渡邉りさ♡ 7/273人ともおめでとう(*ﾉωﾉ)♡私は今回平手への手紙を読ませていただきました( ´ー`)ﾉ泣いちゃってすみません、喜んでもらえてよかった(´ω`)ひらて〜おめでとう(*ﾟ▽ﾟﾉﾉﾞ今日はけやかけ!!見てね〜おやすみなさいみゆ
"
2016/06/24 21:34,やあ(*´ω`)/,"



こんばんは。


最近毎日が充実しててとても楽しいです(* 'ω')ﾉ




この間ずーーーっと欲しかった3ceのコスメをげっとしました!☆彡








お気に入り♡♡


原田あおいも韓国のコスメや食べ物が好きで、いつも一緒に韓国行きたいねー!って話してます♪


韓国行きたいな〜






・・・・・・・・・・・・・・・・・・・・・




あと2日で1stシングル最後の握手会(*´﹃`*)


思いっきり楽しも!!!




そして、2ndシングルの個別握手会もとっても楽しみにしてます(*'-'*)♡



たくさんのファンの方々と話すの楽しみにしてます♡♡

来てね٩(●˙▿˙●)۶






ばいちゃ















みゆ

  "
2016/06/21 01:00,初めての,"
こんばんは。昨日はサイン会でした落選してしまった方すみません、、( ;  ; )初めてのサイン会だったので、ファンの方と長く話せるか不安でかなり緊張しましたが 楽しかったです( ´ー`)ﾉ短い時間だったけどありがとうございました!!♡・・・・・・・・・・・・・・・・・・・・・今発売中の『OVERTURE 007』に小林・菅井・志田・平手・長濱・守屋・渡辺・渡邉・私 の9人が出させていただいてます!!!撮影では、可愛い系というよりもかっこ良くてオシャレ感じになってます(人･_･)ドライアイスとか光とかすごく綺麗で、今までに無い感じだったのでとても新鮮でした☆彡ぜひまた経験したいです╭( ･ㅂ･)و髪の毛をバッサリ切ってから初のグラビアでした!!撮影すごく楽しかったです(*˘︶˘*)♡じゃあまたねみゆ
"
2016/06/19 01:34,スイカ,"
こんばんは。昨日おばあちゃんからすっっっごく大きくスイカが届きました!!!!どーーーーんっどどどーーーーーーーーんっ!大きさ伝わりますか??笑めちゃ甘くて美味しい♡♡スイカといえば夏ですね、、、夏はあまり好きじゃないけど、夏しか味わえないこともたくさんあるから楽しむぞーー!٩(ˊᗜˋ*)و・・・・・・・・・・・・・・・・・・・・・そしてそして! 昨日2ndシングルの『世界には愛しかない』が初オンエアされました!!!!!サイレントマジョリティーに続き、世界には愛しかない も大好きですタイトル聞いた時点であぁ好きだ、、って思いました(*'-'*)まだ聴いてない方はぜひ聴いてみてください☆彡ではでは。ばいちゃ!みゆ
"
2016/06/16 01:58,情報解禁!,"
こんばんは。ドラマの撮影順調に進んでます☆彡そして8月10日リリースとなる2ndシングルの情報が解禁されました!!表題曲タイトル『世界には愛しかない』ドラマは7月16日(土)から始まります!!ぜひ見てね(* 'ω')ノ・・・・・・・・・・・・・・・・・・・・・☆6月29日(水) 18:25〜テレビ東京「テレ東音楽祭2016」☆7月2日(土) 12:00〜日本テレビ「THE MUSIC DAY 夏のはじまり。」☆8月6日(土)、7日(日)「TOKYO IDOL FESTIVAL 2016」に出演させていただくことになりました!!テレビやフェスに出させていただくことも多くなり、すごく嬉しい反面まだまだ不安もたくさんあります。一回一回のパフォーマンスでファンの方も私たちのことをまだ知らない方もみんな魅了出来るように精いっぱい頑張ります!!!!ぜひチェックしてください(*´ω`)ゝばいび。みゆ
"
2016/06/13 18:11,けやかけ,"
こんにちは。昨日の欅って、書けない?見た人ーー!ヾ(･ω･ )今回は【インテリVSおバカちゃん ご褒美争奪バトル!!】でした!!頭脳ポンコツ組に分けられてしまった私たちおバカチームが、インテリチームへリベンジをする企画╭( ･ㅂ･)و勉強面で負けてしまったので今回の対決は本当に負けたくなくて、、でも最初からインテリチームに差をつけられてしまいました(´°ω°`)…来週どうなるでしょう(∩˙ϖ˙∩)お楽しみに!!!長崎楽しすぎてまだ余韻に浸ってます、、じゃあまたね!みゆ
"
2016/06/11 21:55,ハウステンボス,"
こんばんは。今日は長崎のハウステンボス MUSIC FES.2016 に出演させていただきました!!長崎に行くのは2回目!でも4才時に行ったきりだったので初めて行った気分でした٩(●˙▿˙●)۶飛行機楽しかった☆彡初めての野外ステージですごく盛り上がったしすっごく楽しくてずっとテンション上がってましたヾ(´︶`♡)ﾉ海を見てパフォーマンスするのが夢みたいでした(*´﹃`*)綺麗だった〜今日はサイレントマジョリティーとハウステンボスTV-CFタイアップ曲の手を繋いで帰ろうかを披露させていただきました!!!てをつないーでーかえろーうか〜今日の髪型は尾関とおそろいでしたヾ(･ω･ )ハウステンボス MUSIC FES.2016 楽しかったです!!ありがとうございました^ ^♡あと、今日!!6月11日(土)25:00～放送のZIP-FM「SCK」に菅井ちゃんと土生ちゃんと私がゲスト出演させていただきます!!!ぜひ聞いてください^ ^♡ばいちゃみゆ
"
2016/06/11 00:24,長崎!!,"
こんばんは。明日はついに ハウステンボス MUSIC FES.2016!!٩(ˊᗜˋ*)و飛行機が久々で怖い、、長崎を長濱ねるねるに案内してほしいな〜(* 'ω')ﾉねるねる長崎って何が有名なのかな、、?調べておこーっと。楽しみ!(๑˃̵ᴗ˂̵)و 脱力中〜今日はこち星だよ☆彡じゃあね〜みゆ
"
2016/06/08 15:10,2ndシングル,"
こんにちは。昨日半身浴しながら夢の国のホームページを見てたら、ダッフィーの新しいグッズが出ててとてつもなく夢の国に行きたくなりました( ￣_￣)15周年行きたいな(´-`).｡oOメンバーで流行ってるやつ!!なんか男の子みたいになった(´・ω・)この耳と鼻の感じがバムみたいで好きです♡・・・・・・・・・・・・・・・・・・・・・欅坂46 8月10日に 2ndシングル発売が決定しました!!!そしてそして、欅坂46初主演となるドラマ「徳山大五郎を誰が殺したか?」の主題歌にも決定致しました!!!!とてもありがたいです。1stシングルを超える気持ちで頑張ります( •̀∀•́ )✧早速明日から 全国握手会、個別握手会の応募が始まるのでぜひチェックしてみてください☆彡じゃあね〜みゆ
"
2016/06/07 15:03,シブヤノオト!,"
こんにちは!先日 NHK「シブヤノオト」に出演させていただきましたଘ(੭*ˊᵕˋ)੭* トークが生放送ということでまだまだ生放送の経験が少なく、すごく緊張しました!!MCの徳井義実さん、清水富美加さんが優しくて盛り上げてくださって本番はリラックスして出来ました^ ^Sトークでは渡辺直美さんとメンバーでからあげのうたを一緒に歌ったりたくさんお話しすることが嬉しかったです(*ﾟ▽ﾟ)そしてウラトークで、渡辺直美さんと井上苑子さん私立恵比寿中学の星名美怜さんと安本彩花さんと18歳トークをさせていただきました☆彡欅坂のメンバーで1人だったのですごく心細くて、ずっとどうしようどうしようと言ってたら、美怜さんと彩花さんが大丈夫だよ!って言ってくださって( ;  ; )すごく助かりました(ﾉ_･､)本番で皆さんが楽しくトークされてるのを見て 私も頑張らなきゃと思ったけどなかなか話せなくて、、もっと話したかったという思いです今回とても勉強になりました!!これから更にトークにも磨きをかけます!!!!本当にありがとうございました!!!守屋あかにぇん♡渡邉りしゃ♡原田あおい♡またね!!みゆ
"
2016/06/05 11:04,昨日の,"




こんにちは。


朝から雨が、、>_<





昨日の握手会の写真(* 'ω')ﾉ










2部

髪型は外ハネでした!







4部

猫耳!


ヘアバンドをつけてたので猫耳って分かりづらかったですよね(´°ω°`)


またリベンジします!!








5部

3部の服にまた着替えました☆彡







昨日あかねんが猫耳と猫の手ずっとつけててすごく可愛かった、、(´・ω・)♡






天使かよ、、











原田あおい♡小池みーちゃん♡今泉ゆい♡上村りなてぃ♡


昨日握手会で今泉のお兄さんが来てくださって、嬉しかったなぁ٩(●˙▿˙●)۶







手のひらてっ(｡･o･｡)ﾉ


最近また大人っぽくなった気が(°0°)







昨日は足を運んでくださった方 本当にありがとございました!!


また会おうヾ(･ω･ )




じゃーね^ ^






みゆ

  "
2016/06/04 23:45,はぴば,"
こんばんは!今日は握手会ありがとうございました(*´ω`)/楽しかったです!!そして織田なな お誕生日おめでとう( ;  ; )♡♡ママ♡おめでとう♡♡いつもうるさくてごめんね。これからもかまってね!!(･▽･*)♡だいすーきっ次は6月26日 横浜!!1stシングル最後( ;  ; )またね!!みゆ
"
2016/06/03 15:52,あと2回,"
こんにちは!最近夏が近づいてるな〜ってよく思います(^･ｪ･)明日は横浜で握手会です!!!1stシングルの握手会もあと2回、、寂しい(´・ω・)残りの明日と26日楽しも٩(• • )۶♡メイクメイク〜ドラマの撮影も順調に進んでます!!毎日が充実しててすごく楽しいです⁽⁽ଘ( ˊᵕˋ )ଓ⁾⁾メンバーみんなギャグ線が高くて笑いが止まりません。志田まなかとか織田ななとか尾関りかとか、、守屋あかねんも最近テンションが高いです( ￣_￣)笑うことっていいですよね!握手会でもファンの皆さんに笑顔になってもらえることがすごく嬉しいです^ ^では 明日握手会で待ってます(*'-'*)みゆ
"
2016/06/01 12:29,けやかけ,"
こんにちは!今日はいい天気(* 'ー')ﾉ先々週から 欅って書けない?が放送休止になってしまいました> <楽しみにしてくださってる方すみませんﾟﾟ(´O`)°ﾟ・・・・・・・・・・・・・・・・・・・・・この間、ドラマ クランクインしました(๑˃̵ᴗ˂̵)و 演技をするのが初めてで、苦戦してますが最後まで頑張ります!!みんな一人一人の個性がすごくあって、ミステリアスで面白い作品になると思います(*ﾟーﾟ*)7月までお楽しみに!!!・・・・・・・・・・・・・・・・・・・・・お知らせ!6月4日(土)10:55～NHK名古屋「Uta-Tube」に菅井ゆうかと土生ちゃんと私がインタビュー出演します ヾ(´︶`♡)ﾉ よかったらチェックしてください^ ^ではまたみゆ
"
2016/05/29 14:28,握手会,"
こんにちは!昨日は握手会ありがとうございました(*´ω`)ゝファンのみなさんとたくさんお話しができて、嬉しかったです^ ^本当にありがとうございました!!髪の毛を切って似合ってないなってずっと思ってて、、でもみなさんが似合ってるよ!って言ってくださり少し自信が持てました。守屋あかねん(*'-'*)渡邉りしゃ(･´_`･)昨日 生誕祭 の☆長沢なーこ (4/27)☆石森にじか (5/7)☆原田あおい (5/7)☆渡辺ぺーちゃん (5/16)おめでとう♡ヽ(´∀`≡´∀`)ﾉ♡いい1年になりますように(_ _).｡o○次の握手会は6月4日!!もうすぐだ(*・ｪ･*)ﾉ横浜で待ってるね〜楽しみにしてます!♡じゃあねみゆ
"
2016/05/26 01:06,UTB と ドラマ,"
こんばんは。今日UTB NIGHT Vol.2に来てくださった方ありがとうございました^ ^♡サイリウム綺麗でした( ;  ; )楽しかったな〜♪渡辺ぺーちゃん♡織田ママ♡守屋あかねん♡そういえば、1週間前くらいに髪の毛をたくさん切りました。今日のUTBのライブまで言わないでおきました(∩˙ϖ˙∩)どうですか( ´・ω・)ﾉ?感想お待ちしてます(•ө•)♡・・・・・・・・・・・・・・・・・・・・・そしてそしてそして!!!私たち欅坂46が連続テレビドラマ初主演が決定致しました!!!!テレビ東京系土曜ドラマ24!「徳山大五郎を誰が殺したか?」2016年7月からスタートです(* 'ー')ﾉぜひ見てください☆彡んじゃあねみゆ
"
2016/05/25 02:08,明日!,"
こんにちは。明日は UTB NIGHT Vol.2 です!!!楽しみ〜(*´ω`)/やっぱりファンの皆さんにパフォーマンスを披露するのはすごく緊張するけど、すっごく楽しいです(๑˃̵ᴗ˂̵)و 待ちきれない!楽しみにしててね(人･_･)♡今1番会いたいばーむー♡バムの名前の由来は、絵本の『バムとケロ』からきています☆彡家族みんなバムとケロの本が大好きなのでバムになりました( ´ー`)ﾉよかったら読んでみてください♡守屋あかねん♡上村りなてぃ♡織田ママ♡じゃあねみゆ
"
2016/05/22 12:54,エレベーター,"
こんにちは!今日もいい天気〜さっきエレベーターに乗ろうと思って進んだら思いっきり頭ぶつけました。メガネゆがんだ( ￣_￣)なんてこった。やっぱりこの時期はぼーっとします・・・・・・・・・・・・・・・・・・・・・お知らせ!!サイレントマジョリティーのカップリング曲『手を繋いで帰ろうか』が長崎・ハウステンボス 夏のCMソングに決定しました!!!私は長崎県に行ったこと無いですが、ずっと前からハウステンボスに行ってみたかったので私たちの曲がCMソングに決まりとても嬉しいです(*'-'*)♡また、6月11日(土)に行われるハウステンボス MUSIC FES.2016にも出演させていただくのでぜひお越しください^ ^ではではちゅー。ばいばい!みゆ
"
2016/05/21 17:14,ぼーーー,"





こんにちは〜




最近毎日ぼーーーっとしてる。



夏が近づいてきたからかな( ￣_￣)




私は秋と冬が好きなので夏が早く終わらないかな〜って思ってます゜゜(´O`)°゜ 









そして先日ファンレターとプレゼント受け取りました!




いつもいつもありがとうございます^ ^





ファンレターや握手会で元気もらってばかりで、私は恩返し出来てるのかな、、と不安になりました



これから、少しずつだけど恩返しできたらなって思います!











齋藤ふーちゃん♡


ふーちゃんみたいに色白くなりたい( ￣_￣)







ばいびー








みゆ

  "
2016/05/19 11:04,はれ,"



こんにちは。

いい天気〜




最近夜になっても寝れなくて怖いからテレビをつけて寝るとなぜか悪夢を見ます。



どうすれば安眠できるのかな、、






っていう最近の悩みでした( ･_･)/












そういえば、

昨日いい天気で夜景がすっごくキレイでした!!!



スカイツリーとか見えてずっと目で追ってました( ´ー`)ﾉ



東京の夜景すごく好きです^ ^


綺麗だったな〜














渡辺ぺーちゃん♡守屋あかねん♡織田ママ♡








にょき



あかねんは私の口をいじってくるだけじゃなく、話し方もマネしてきます(#`-´)/ 



あかねんのいじるとこ無いかなー



よし探そ!







またね〜んあかね〜ん




みゆ

  "
2016/05/18 11:22,うたコン,"
こんにちは。朝見た天気予報で今日から1週間くらい晴天って言っていたのでテンションが上がりました₍₍ (ง ˙ω˙)ว ⁾⁾昨日「うたコン」でサイレントマジョリティーを披露させていただきました!!そして、石森にじか 小林ゆい 齋藤ふゆか 私の4人で椎名佐千子さんのバックダンサーとしても出演させていただきました。今までで一番緊張したと言ってもいいくらい緊張しました本番前に4人で手繋いで「頑張ろう!!」って言ってステージに立ちました!昨日からずっと不安だったけど、無事に終わり安心です(ﾉ_･､)すごく貴重な経験が出来てとても嬉しかったですありがとうございました!じゃあね!みゆ
"
2016/05/17 12:48,電車,"






こんにちは。





この間 渡邉りさと織田ななと一緒に電車乗った時のできごと











りさが織田の手をずっと握ってました。( ￣_￣)



・・・・・・・・・・・・・・・・・・・・・



握手会の写真〜






葵♡クロ♡







よね♡








オシャレな織田ママ♡







あかねん♡







よねとななこ♡






帰り何も買えなかった。。


また帰った時に買おっと!




またね〜







みゆ

  "
2016/05/16 14:44,お誕生日,"
こんにちは!今日はぺーちゃん(渡辺りか)のお誕生日です٩(●˙▿˙●)۶ぺーちゃんおめでとう!♡本当に年上に見えないくらいかわいい( ´ー`)ﾉいつも「ぺーちゃんっ」って呼ぶと「ぺーちゃん(*˘︶˘*)」って返事をしてくれます( ˙³˙)♡おめでとう♡・・・・・・・・・・・・・・・・・・・・・明日5月17日(火)にNHK「うたコン」に出演させていただきます!!生放送です!ぜひ見てください(*´ω`)ゝ・・・・・・・・・・・・・・・・・・・・・そしてそして今日発売の blt graph. vol.8 にソログラビアで出させていただいてます( ´ー`)ﾉたくさんオシャレな服を着れて新鮮な気持ちでした!撮影すーーーっごく楽しかったです^ ^ぜひチェックしてみてください!!じゃあね〜HUSTLE PRESS 「欅坂46駆け上るまで待てない!」番外編のオフショット☆彡ばいばい!みゆ
"
2016/05/15 23:56,あいち,"
こんばんばむ!私は実はみんなより一足先に愛知県に行きました!!ラジオやテレビに出演させていただきました٩(• • )۶5月13日にはCBCラジオ『ナガオカ・スクランブル』に出させていただき、握手会で面白かったよ!って言ってくださる方もいて嬉しかったです(*ﾟ‐ﾟ)永岡さんがとても優しくて面白くて素で話せました( ´・ω・)ﾉこれから放送するものもあるのでぜひチェックしてください!!そしてそして昨日と今日 名古屋での握手会ありがとうございました*ଘ(੭*ˊᵕˋ)੭* 地元で初めてパフォーマンスも出来てすごく嬉しかったです!!!全国握手会では、平手とペアでした(*・ｪ･*)ﾉ☆愛知コンビ〜♪たくさんファンの方とお話ができて楽しかったです(*ﾉωﾉ)やっぱり地元はいいな〜って思いました(*'-'*)ﾉ祝花もありがとうございます!!・・・・・・・・・・・・・・・・・・・・・☆個別握手会☆3部♡ディズニーのラプンツェル風に♡4部♡くろ〜5部♡デコ出し〜髪型も服もファンのみなさんから好評だったので嬉しかったです(*˘︶˘*)帰りは何か名古屋名物でも買って帰ろうかな( ˘ ³˘).｡o○じゃあね!みゆありがとう♡
"
2016/05/11 02:15,愛知に帰りたい気分。,"
こんばんばむ。寝てるバム。最近会えないのですごく会いたいです(_ _。)いつもお姉ちゃんにバムの写真送ってもらって近況報告してもらってます( •̀∀•́ )✧・・・・・・・・・・・・・・・・・・・・・本日から《HUSTLE PRESS》連載「欅坂46 駆け上るまで待てない!」に登場してます!!撮影がすごく楽しくていつもより自然な表情で撮影ができました^ ^ぜひチェックしてみてください(๑˃̵ᴗ˂̵)و もうすぐ名古屋で握手会(*ﾟ▽ﾟﾉﾉﾞあいちあいち〜♡じゃあねーみゆ
"
2016/05/10 02:02,マーベルツムツムがついにstage8までいきました!!,"
こんばんは!この間久しぶりに新しく洋服を買いました( ˘ ³˘)☆彡1人で買い物してたのですが、偶然にも小池のみーちゃんに会ってテンション上がりました٩(●˙▿˙●)۶私はすっごく優柔不断で買い物の時はかなり迷います。洋服はとくに(笑)でも珍しくパッ!っと決まって、いい買い物が出来た〜ってその日はずっとウキウキでした(•ө•)♡その服をいつも見えるところに飾って早く着たいな〜と思ってます(*˘︶˘*)私がいつも買い物するのはdazzlinなのですが、one spoとかも好きです^ ^尾関もdazzlinでよく買ってるのでたまに話したりします(*´ｪ`)ﾉ今度一緒に買い物行きたいな〜・・・・・・・・・・・・・・・・・・・・・今日はすこーしいつもと違うメイク!ではでは。ばいちゃ!みゆ
"
2016/05/09 00:31,けやかけ!,"

 
こんにちは!
 
 
 
いい天気〜ଘ(੭*ˊᵕˋ)੭
 
 
 

今日は 欅って、書けない?がやります!!
 
 
目安箱アンケート後半戦(｡･o･｡)ﾉ 
 
先週 織田ななや齋藤ふーちゃんにリアクションのこととかモノマネ出来るって言われて、モノマネではぐだぐだになってしまいすみません(´ε`;)
 
 
ぺーちゃん(渡辺りか)に手伝ってもらいながら練習しときます!!

 
 
今日も色んなタレコミ楽しみにしてください╭( ･ㅂ･)و
 
 
 
 
・・・・・・・・・・・・・・・・・・・・・
 
 
 
 
 
5月14日(土)のMUSICFAIRに出させていただきます!!!
 
 
 
私は音楽番組が好きでMUSICFAIRをいつも見ていたので、出演することが不思議な気持ちでした(*ﾟーﾟ*)
 
とても楽しかったです!!
 
 
 
ぜひ見てください^ ^
 
 
 
 
 

 
 
 
 
じゃあね
 
 
 

 
 
 
みゆ
 
 
"
2016/05/08 00:39,おめでとー!,"
こんにちは!昨日同じブログ2回載せちゃいました。すみません(´･_･`)・・・・・・・・・・・・・・・・・・・・・今日!5月7日は、、、石森にじかと原田あおいの誕生日でーす♪ ♬ ヾ(´︶`♡)ﾉ ♬ ♪2人共おめでとうヽ(´∀`≡´∀`)ﾉにじか♡いつも優しい!個人的ににじかのポニーテールとゆる巻きが好き(*´ｪ`)ﾉ葵♡子供みたいになついてくる(∩˙ϖ˙∩)かわいい妹^ ^素敵な1年になりますように☆彡今日織田ななと服が同じだった!!白いのが私で水玉が織田なな♡偶然♡じゃあまたね〜みゆ
"
2016/05/07 01:33,くもりのちあめ,"
こんばんは!毎日ねむいねむい( ￣_￣)最近夜行性になりつつある鈴本です(ﾉ_･､)2時とか3時にならないと眠れない。。生活習慣なおさないと!!・・・・・・・・・・・・・・・・・・・・・昨日はこどもの日でしたね!!!東京ではこいのぼりを一度も見ることができませんでした。毎年いとこの家で大きなこいのぼりが立つのですが今年は見れず、、(;д;)来年は見れたらいいな〜^ ^個別握手会ヘアアレンジ集〜4部はツイン♡5部はサイドでお団子しました♡、、3部のゆる巻きは撮り忘れました(･_･;じゃあね〜みゆ
"
2016/05/06 23:35,くもり,"
こんばんは!毎日ねむいねむい( ￣_￣)最近夜行性になりつつある鈴本です(ﾉ_･､)2時とか3時にならないと眠れない。。生活習慣なおさないと!!・・・・・・・・・・・・・・・・・・・・・昨日はこどもの日でしたね!!!東京ではこいのぼりを一度も見ることができませんでした。毎年いとこの家で大きなこいのぼりが立つのですが今年は見れず、、(;д;)来年は見れたらいいな〜^ ^個別握手会ヘアアレンジ集〜4部はツイン♡5部はサイドでお団子しました♡、、3部のゆる巻きは撮り忘れました(･_･;じゃあね〜みゆ
"
2016/05/02 13:15,初ソログラビア!,"
こんにちばむ。今 発売中の月刊エンタメに初めてのソログラビアで出させていただきました^ ^撮影日が大雨で少し不安でしたが、ベッドでゴロゴロしたり雨の中カッパ着てはしゃいだり 撮影がすごく楽しくて 雨の中の撮影も好きになりました!!衣装もいろんなのをたくさん着れて嬉しかったです(*´ｪ`)ﾉ☆初めてのソロ撮影で前の日の夜寝れないくらい緊張しましたが楽しめて良かったです!(･▽･*)オフショットよかったらチェックしてね(*´ω`)ゝ・・・・・・・・・・・・・・・・・・・・・あと2週間後には名古屋での握手会!!!地元やったーヾ(´︶`♡)ﾉ 久々の名古屋楽しみたいと思います☆彡個別握手会何着ようかな〜♡髪型何にしようかな〜♡ほんとに楽しみ!(*˘︶˘*)あくしゅーまたね!みゆ
"
2016/05/02 02:00,京都ありがとう^ ^,"




こんばんは!



昨日と今日 京都での握手会ありがとうございました٩(ˊᗜˋ*)و



握手会楽しすぎた〜♡♡


関西弁に癒されました♡



また京都に来たいな(´▽`)



名古屋でもまた待ってるね(`・ω・´)


祝花もたくさんありがとうございました!!!




今日は写真いーーーーっぱい載せます☆彡









帽子 あかねん♡







あかねん♡今泉♡織田ママ♡







私イチオシの葵♡







ふーちゃんも♡







みーちゃん♡






か・ら・の










平手〜♡










・・・・・・・・・・・・・・・・・・・・・



今日は初めての個別握手会ありがとうございました( ˘ ³˘)♡


私服だったりヘアアレンジしたり、いつもと違う雰囲気でファンの方と触れ合えて嬉しかったです(*ﾟーﾟ*)





またね!!


京都大好き〜




みゆ

  "
2016/04/30 19:04,Kyoto♡,"
こんばんは。今日は全国握手会ありがとうございました!!家族旅行で京都に行ったりしてて昔から京都が大好きなので握手会で来れるって知り、すごく今日が楽しみでした(๑˃̵ᴗ˂̵)و とても暖かく迎えてくださって嬉しかったです(﹡ˆ﹀ˆ﹡)♡明日は初の個別握手会なので緊張しますが楽しみたいと思います!!今日はまなかとペアでした(*・ｪ･*)ﾉまなか もなか まんなか～今日はありがとうございました^ ^織田♡よねみ♡まなか♡あかねん♡去年京都のモンキーパークに行った時の写真☆彡じゃあね!!みゆ
"
2016/04/29 19:27,わーーーい!,"




こんにちは!



いい天気だな〜(*・ｪ･*)ﾉ



今日からGWの人もいるのかな??




お仕事の人 頑張って!╭( ･ㅂ･)و


私も明日と明後日握手会なのでパフォーマンス共に頑張ります!!!




・・・・・・・・・・・・・・・・・・・・・




私はテレビをよく見るのですが、


今日は最近好きな番組を紹介します^ ^




○しゃべくり007


○アメトーーク


○モニタリング


○キューピー3分クッキング


○ヒルナンデス



です!!


しゃべくり007はネプチューンの堀内健さんが大好きなのでいつも見てます(･▽･*)



お笑いが好きなのでいつもテレビを見て元気をもらってます!!






・・・・・・・・・・・・・・・・・・・・・




さてさて!

明日は全国握手会!!



まなかと待ってまーすଘ(੭*ˊᵕˋ)੭♡












ばいちゃ







みゆ

  "
2016/04/29 00:28,遅くなりました>_<,"







こんばんは!




今日は雨でした、、( ￣_￣)








この間から携帯の調子が悪くてブログの更新遅くなりました、、


すみません>_<




・・・・・・・・・・・・・・・・・・・・・





先日ファンレターと全国握手会でのプレゼントが届きました!!(*ﾟ▽ﾟﾉﾉﾞ



プレゼントは初めてですごく嬉しかった〜٩(●˙▿˙●)۶♡



大切にします♡♡




そしてファンレターでは、 自分では気づかなかったことに気付けたり 元気をもらってます(*・ｪ･*)ﾉ☆



本当にいつもありがとうございます!!!











織田ママ♡



織田を見つけては抱きついて、渡邉りさも来て ママの取り合いになって、、、




…いつもこんな感じです(*ﾟーﾟ*)











もうすぐ京都で全国握手会&個別握手会だー!!



京都大好きー♡

握手会楽しみー♡志田志田〜♡


志田とペアです^ ^


第8レーン盛り上げるのでぜひ来てください(*'-'*)










・・・・・・・・・・・・・・・・・・・・・・







ぶれた。










ばいばい!













みゆ

  "
2016/04/22 16:10,MUSIC STATION,"





こんにちは。



朝から晴れててHappy♪






今日はMステに出演させて頂きます!!



初めMステに出るという事を知った時は驚きと不安の気持ちが大きかったです。


でも出るからには絶対にテレビを見てる方々を驚かせたいし、最高のパフォーマンスをしたいです!!


欅坂46を知っていただくチャンスだと思っているので精一杯頑張ります!











守屋あかねん♡








上村りなちゃんも♡









昨日は三つ編みでした。










それでは頑張ってきます!!




ばいばい




みゆ

  "
2016/04/21 19:36,延長!!,"




こんばんばむ!




1stシングルの握手会の応募が第11次〜第14次まで延長しました!!!



早速今日から応募できます(*´ｪ`)ﾉ



ぜひお待ちしてます(*'-'*)♡







先週の 欅って、書けない? 見てくださいましたか?(* 'ω')ﾉ




前回のインテリ女王決定戦に引き続き、頭脳ポンコツ女王決定戦でした!




インテリ女王決勝戦の問題が私にはちんぷんかんぷんで、何言ってるのかな?って思ってました、、



みんな接戦ですごいな〜と見守ってました 笑




私は平手と同じで13位と なんとも微妙な順位でとても納得いっていません。。



んーもっといいはずなんだけどな( ￣_￣)



中学2年生と同じで複雑な気持ちでした(-_-)



次また学力テストがあったらこっそり予習しようと思います(⌒▽⌒)




さてさて、今週は大声選手権です!!!



今まで大人しかったメンバーがついに!?





お楽しみに( ･_･)/








じゃあねー








バム♡




みゆ

  "
2016/04/18 23:46,いい天気☆彡,"
こんばんは!今日は朝からいい天気で嬉しかったなー(*'-'*)♪私は毎日イヤホンをして音楽を聴きながら歌って半身浴をしています( ˘ ³˘)〜最近よく聴く曲は、、♡混ざり合うもの/乃木坂AKBさん♡世界で一番孤独なlover/乃木坂46さん♡無表情/乃木坂46さん♡マジスカロックンロール/AKB48さん♡涙サプライズ/AKB48さんです^ ^音楽は聴くとテンション上がるし、元気がでるし私にとって欠かせないものです(*´ｪ`)ﾉ握手会とかでも好きな曲の話しとかしたいな〜♪またファンの皆さんの好きな曲教えてください(*´ω`)ゝ大好きな織田ママ♡おだななの手を握ると元気が出ます。じゃあまたね!!この間ブログで嬉しいことがあったって言ってた話し!ずーーーっと欲しかったクリームチークが買えました٩(●˙▿˙●)۶Yeah!愛用してます♡ばいばーい!みゆ
"
2016/04/17 22:58,楽しかった^ ^,"




こんばんばむ!



今日は全国握手会ありがとうございましたヾ(´︶`*)ﾉ 



私のペアは土生ちゃんと長沢ななこでした☆彡



初日ということで緊張しましたがライブも握手会も皆さんがすごく暖かくて嬉しかったです( p_q)♡




ミニライブからの握手会ということで、待ち時間も長かったと思いますが たくさんのファンの方が来てくださり とても元気をもらいました^ ^



ありがとうございました(*´ω`)ﾉ



栗の話しや個人PVやサイレントマジョリティーの話しやいろんな話ができて楽しかったです(*´ｪ`*)♡



今日で握手会が大好きになりました(๑˃̵ᴗ˂̵)و 



次の京都での4月30日(土)も楽しみです!!!










また会おうね(｡･o･｡)ﾉ




みゆ

  "
2016/04/16 22:26,明日は〜?,"
こんばんは。明日は全国握手会です(*ﾟ▽ﾟﾉﾉﾞ明日が初日になります!!!緊張するけど ステージも盛り上げるので楽しみにしててください(*´ｪ`)ﾉ私は土生ちゃんと長沢ななことペアになります^ ^楽しみだな〜♪ぜひ来てね(｡･o･｡)ﾉ♡またね!ばいばい(๑˃̵ᴗ˂̵)و みゆ
"
2016/04/15 01:34,握手会!,"
こんばんは!握手会第10次応募受付が今日から始まりました!!握手会の応募は明日で最後です!╭( ･ㅂ･)و4月14日(木)15:00〜4月15日(金)14:00 までとなっております!!!迷ってる方はぜひ!応募してみてください☆彡絶対に 来て良かったな と思ってもらえるように全力をつくします(*'-'*)♡たくさんの方々と握手するの本当に待ち遠しいな、、(*´ω`)ﾉとにかく楽しみです♡♡みなさんも楽しみにしててください!!・・・・・・・・・・・・・・・・・・・・・あと3日後の4月17日(日)にはついに!全国握手会です٩(●˙▿˙●)۶♪楽しみ楽しみ楽しみー!幕張メッセで行います(* 'ー')ﾉお待ちしてまーす^ ^またね〜渡邉りさ♡ちゅっみゆ
"
2016/04/13 23:38,ウキウキ,"




こんばんばむ




今日は朝から雨で、もーー( ￣_￣)って感じでした。




でも今日はたくさんいいことがあったのでよきよき♪


何があったかはまだ秘密です(*ﾟーﾟ*)
















この間のレッスン後☆彡




メンバーと過ごす時間はとても貴重です^ ^




最初の頃 私は人見知りという事もありメンバーと全く話さず少し警戒してた時もありました!



初めはすごい鈴本が怖かった ってよく言われます 笑





でも今はみんなと話したり、ふざけあったりするのが楽しくてしょうがないです(*'-'*)ﾉ



今ではメンバーが大好きです(o˘◡˘o)♡






・・・・・・・・・・・・・・・・・・・・・・




じゃあまたね!





みゆ

  "
2016/04/12 22:31,サイレントマジョリティー,"
こんばんは。先日 欅坂46メンバー全員で『欅坂46こちら有楽町星空放送局』に出させて頂きました!!!楽しかったー!(*ﾟ▽ﾟﾉﾉﾞみんなが話してるところも見ていたのですが、今泉の「ずー麺」とか虹花の「舎田(いなか)」とか「say!!」とかみんな面白くて見るのも楽しかったです☆彡私は栗太郎物語という紙芝居をしました!どうでしたか??もしまたやる機会があったら内容も面白く考えてきます╭( ･ㅂ･)و栗太郎のグッズが出来たら面白いな〜原田あおいと渡邉りさヾ(･ω･ )LINE LIVEのことで話し合っていました(*・_・*)いつもはちょっとケンカっぽくなってるけど、見ていて本当はとても仲が良いんだな〜と思いました^ ^またこうやって全員で出れたらいいな〜!・・・・・・・・・・・・・・・・・・・・・・そしてそしてそして、、、私たち欅坂46の1stシングル『サイレントマジョリティー』が「オリコンウィークリーチャート1位」と「女性アーティスト デビューシングル 初週オリコンポイント 歴代1位」をとりました!!信じられない想いと、喜びと、これからへの不安があります。。でも素直に嬉しいです^ ^たくさんのスタッフさんや協力してくれた方々、私達のCDを販売してくださったCDショップの皆さまのおかげでこのような結果を出すことが出来ました。本当にありがとうございます!まだまだ始まったばかりなのでこれからも初心を忘れずに、 謙虚!優しさ!絆!で頑張っていきます!!これからもよろしくお願いします!織田と♡みゆ
"
2016/04/10 10:52,Girls Award,"
こんにちは。昨日は Girls Award 2016 SPRING/SUMMER で〝サイレントマジョリティー〟と〝手を繋いで帰ろうか〟 をパフォーマンスさせて頂きました!!!たくさんの有名なモデルさんやアーティストさんが出る中で、私たちは受け入れてもらえるか不安でしたが 歓声も緑のサイリウムもとても多くて嬉しかったです(_ _。)♡暖かく迎えてくださりありがとうございました!!最後ランウェイも歩けて嬉しかったです!菅井ちゃん♡米谷♡そしてそして、昨日モデルとしてランウェイを歩いた土生ちゃん♡お疲れさま( ;  ; )♡とてもキラキラしてて感動しました。今日はたくさん勉強になったし、良い影響を受けました。私たちにもまだまだたくさんの課題があるので頑張りますじゃあまたね☆彡みゆ
"
2016/04/09 01:49,渋谷TSUTAYA!!,"
こんばんは!今日は渋谷TSUTAYAに行ってきました(*・ｪ･*)ﾉ☆サイン書いたのでよかったら見にいって欲しいです♡今日CDショップに私たちのCDが置いてあるのを見て、デビューしたんだ と改めて実感しました!とても嬉しかったです(´- へ -、)♡たくさんの方々に協力して頂いてることにとても感謝してますありがとうございます!・・・・・・・・・・・・・・・・・・・・・・そしてそして!!明日は『Girls Award 2016 SPRING/SUMMER』 に出演させて頂きます☆彡パフォーマンスをしていくごとにどんどん成長していけるように、明日のパフォーマンスも気合いを入れて頑張ります!!!╭( ･ㅂ･)و頑張るぞ。・・・・・・・・・・・・・・・・・・・・・・• UPDATE Girls• プレイボーイ• 別冊ヤングチャンピオン• TVstation• TVガイドに出させていただいてます!よかったらチェックしてください(*´ｪ`)ﾉ明日頑張るぞーーー!んじゃね!みゆ
"
2016/04/07 00:57,2016.04.06,"
こんにちは。今日は待ちに待ったデビュー日です!!!欅坂46が結成されて8ヶ月今まで色んなことがありました!楽しいことも嬉しいことも大変なこともたくさんあってたくさん悩みましたでも私たちはこれからがスタートなので前だけを見て頑張っていきます!!!これからもよろしくお願いします(*'-'*)・・・・・・・・・・・・・・・・・・・・・前からニックネームで迷っていたのですが、、番組では 栗太郎 って呼んでいただいててメンバーからは 鈴本 とか すずもん とか みゆ とか色んな呼ばれ方があっていろいろ悩んでたときにお母さんとお父さんが私の名前の由来を教えてくれました『美しく愉快(ゆかい)な子に』という想いが込められているそうです^ ^私は自分の美愉という名前がすごく好きなのでこれからは 美愉ちゃん って呼んでほしいです!!今まで曖昧にしてしまいすみません。これからも欅坂46をよろしくお願いします!いつの写真でしょうかー?‥またね!みゆ
"
2016/04/05 15:53,更新遅くなりました、、,"




こんにちは!




ついに明日は欅坂46のデビュー日です!!



ドキドキ、、(･_･*)




握手会でみなさんに会えるのを楽しみにしてます╭( ･ㅂ･)و










・・・・・・・・・・・・・・・・・・・・・・




昨日、プレイボーイが発売されました(*´ｪ`)ﾉ



今泉 小林 菅井 鈴本 志田 土生 平手 渡辺 渡邉



このメンバーで出させて頂いています!!!




ぜひチェックしてみてください^ ^



















オフショット☆彡













また明日ね〜










みゆ

  "
2016/04/01 19:26,4月!!,"
こんばんは!今日から4月だー(´▽`)欅坂46 公式サイトのグリーティングカードも4月バージョンに変わってるので見てみてください(*´ｪ`)ﾉ新年度になって、今年は番組で目標を『美』と発表したので更に気持ちを切り替えて頑張ります!!!4月といえば、、数日後にデビューを控えています。残り少ない時間で私たちに出来ることを精一杯やってデビューの日を迎えたいと思いますこれからも見守っていただけるとありがたいです^ ^欅坂46のファンになったことを絶対に後悔させないように全力でやっていきます!!ではまたねみゆいつもブログを読んでくださってありがとうございます^ ^
"
2016/03/31 15:17,アニマル,"
こんにちは!昨日渡邉りさと私服がとても似てたのです(｡･o･｡)ﾉ じゃーん↓↓似すぎて2人で笑っちゃった(´▽`) りさ♡りさはリスみたいで可愛いです。今日は好きな動物ベスト3をやります!!1位は、、、犬(ミニチュアダックス)と猫 ฅ•ω•ฅ犬は小さい頃からずっと好きで、お姉ちゃんとすっごくおねだりをしてバムを飼ってもらいました^ ^♡猫も最近好きです!2位は、、、子猿!去年家族で京都に行った時にモンキーパークへ行ってから子猿が好きになりました♡餌を食べる姿がかわいかった( ˘ ³˘)3位は、、、イルカ!!!イルカのショーが大好きです(*'-'*)見ていてめちゃ癒される(´-`).｡oO時間があったらまた見に行きたいです☆彡じゃあまたね〜みゆ
"
2016/03/30 01:33,ZIP!春フェス,"
こんにちは。今日は ZIP!春フェス2016 in東京ドームシティホール に出演させていただきます(`・ω・´)頑張ります!!!!!よねみ♡志田もな♡じゃーん(*´ｪ`)ﾉまたね!!みゆ
"
2016/03/28 11:56,雨だー,"
こんにちは!昨日の“欅って、書けない?”見ていただけましたか?(*'-'*)欅坂46デビューシングルキャンペーン! ということで、芸人さんのところに行ってきました!!流れ星さんもアンガールズさんも優しくてとても面白かったです^ ^ありがとうございました٩(●˙▿˙●)۶来週の後半もぜひ見てください(*´ｪ`)ﾉそしてそして、1stシングルのカップリング曲 『手を繋いで帰ろうか』のMusic Video Short Ver. が公開されました!!!曲の雰囲気とは全く違うミュージックビデオになっています!フルバージョン楽しみにしていてください(*˘︶˘*)♪・・・・・・・・・・・・・・・・・・・・・・今回♡UTB♡B.L.T.♡smartに出させていただきました(*'-'*)ﾉ☆ぜひ!チェックしてみてください♪・・・・・・・・・・・・・・・・・・・・・・今日は雨が降ってて外に出たくない気分です( ￣_￣)昨日のイッテQの録画を見ようかなばいばーいみゆ
"
2016/03/27 15:07,りさとなな,"




こんにちは。




今日は渡邉りさとおだななと朝ごはんを食べました(*・_・*)♪




りさはよくおだななに抱きつきます(　ﾟ_ゝﾟ)ﾉ



今日も朝から抱きついてました。




ご飯美味しかったな〜








今日はメンバーとたくさん写真を撮ってきます!!





またねーーー












バムとみゆ

  "
2016/03/27 00:26,花粉症,"




こんばんばむ。



最近花粉症がひどくてつらいです( ;  ; )



くしゃみも止まりません。笑








この間 志田まなかとくるくる回る飴とかチョコをすくって落とすゲームをしました( ･_･)/  ⬅︎伝わりますか?(･_･;



私は1回やりましたが落とせませんでした( ￣_￣)



まなかはチョコボールを3つゲットしてました


ひとつくれました。





久々にゲームをして楽しかったです(*ﾟ▽ﾟﾉﾉﾞ



2人で子供みたいにはしゃぎましたとさ










また行きたいな〜




ばいばーい








みゆ

  "
2016/03/24 13:31,チョコ食べたい,"




こんにちは。



雨ですね( ￣_￣)


なんだかぼーっとします。








よねみ(米谷ななみ)のブログを呼んでたらお腹が空きました٩(●˙▿˙●)۶



チョコレート美味しそうだな〜



食べたいな〜








そういえば前から考えてたのですが、サイリウムの色をどうしようかと、、



色は白とピンクと青が好きですヾ(･ω･ )


でも水色も好きです



白と水色がいいなー☆彡



またメンバーともかぶらないように考えときます!!









またねーーー






みゆ

  "
2016/03/24 08:42,グミ,"
こんばんは。今日は好きなお菓子について話します☆彡最近グミにはまっていて ご飯よりもグミが食べたいです(　ﾟ_ゝﾟ)ﾉまなかはよくグミをくれます。人にもらうグミはいつもより美味しく感じます(｡･o･｡)ﾉ 一番好きなグミは、ゴチのぶどう味と菓実グミのパイナップル味です。みなさん食べてみてください( ˘ ³˘)♪おだなな♡またね!みゆ
"
2016/03/22 21:03,ただいま,"
こんにちは。久々に東京に来ました(*'-'*)ﾉ家族がそばにいないのはやっぱり寂しいです( ;  ; )また時間みつけて帰ろうと思います(๑′ᴗ‵๑)そういえば、家にある桜の木がもう咲いていました!春も近づいてきて花粉がなかなかつらいです、、私の家にはさくらんぼの木と栗の木もあります(･▽･*)毎年なるのが楽しみです^ ^今日は久々に自分の部屋でゆっくりしたいと思います( ･_･)/またね!みゆ
"
2016/03/21 16:24,あいちけん!,"
こんばんは!!今 愛知に帰ってまーす(*・ｪ･*)ﾉ私の家は前も後ろも山に囲まれているので とても自然豊かです╰(*´︶`*)╯今日は庭でバムと遊びました!!走ってるバム☆彡たのしかった( ;  ; )☆東京に連れて行きたいです、、そして小学生のいとこがクッキーを作ってくれました♡かわいい♡♡密かに欅の木が( *´艸`)美味しく頂きました^ ^残りの時間楽しみます(*ﾉωﾉ)菅井ちゃんのトムくんのようにバムはカメラが好きじゃないので、一切カメラを見てくれませんでした。。ばいばい!みゆ
"
2016/03/20 18:24,ぴっかぴか〜,"




こんにちばむ。





昨日 部屋を大掃除しました٩(●˙▿˙●)۶




ピッカピカになってすごくいい感じです╭( ･ㅂ･)وYeah



ベッドとかテレビとかタンスの置き場所がイマイチしっくりこなくて いろいろ試してるのですが、まだ満足してません(-_-;)



寮組の子の部屋を見て学びたいと思います( ･_･)/



誰の部屋に行こうかなー





ちなみに守屋あかねんはピンクの女の子らしい部屋です。


おだななはムーミンが住んでそうな部屋です。

















原田あおい


この表情可愛い〜



あおいは小動物みたいで見ていて飽きないです^ ^











ばいばーい





みゆ

  "
2016/03/19 13:34,ライブ☆彡,"




こんにちは!




先日 欅坂46 初の単独ライブを行いました(*'-'*)





どうでしたか(･_･;?






欅坂のファンの方々だけの前でパフォーマンスをすることは初めてでした。




始まる直前 会場からすごく声援が聞こえてきて、今までにないくらい緊張しました



出た瞬間 サイリウムの色が緑ばかりで 泣きそうになるくらい嬉しかったです





最後まで楽しくパフォーマンスができました^ ^





これからもっと上を目指して頑張ります!!








来てくださった方、テレビで見守っていてくださった方 ありがとうございました( ;  ; )♡













トランペットのりなちゃん!










あおいーーー!







またね!








みゆ

  "
2016/03/16 17:59,ハッピー,"
こんにちは。今日朝見た占いで 1位だったのでとてもハッピーです☆彡私は占いとか少し信じちゃうので順位とかラッキーカラーとか気にします( ￣_￣)ちなみに今日は黄色でした( •̀∀•́ )✧《欅坂46生中継!デビューカウントダウンライブ!》ついに明日です!!今日の残りの時間で出来ることを精一杯やり、明日全員で納得のできるライブが出来るように頑張ります。お楽しみに!!!また明日ね☆彡みゆ
"
2016/03/14 18:25,ぺーちゃん,"




こんばんは。





最近 ぺーちゃん(渡辺りか)をいじることにはまっています。



ぺーちゃんは本当に可愛くていじり甲斐がありますヾ(･ω･ )



私が「ぺーちゃんっ( ･_･)/」っていうと、



「んー(*´︶`*)」って可愛い顔をします










ぺーちゃん













ねーむーいーー



おだななからもらった緑茶のパックをして今日は寝ます^ ^




おやすみなさいzzz








みゆ

  "
2016/03/12 22:59,もうすぐ,"
こんにちは!「欅坂46生中継!デビューカウントダウンライブ!!」まであと6日です!!欅坂46だけでライブをするのは初めてのことなので、まだまだ不安がありますでも残りの時間でそれを自身に変えられるようにレッスン頑張ります!!楽しみにしていてください╭( ･ㅂ･)و尾関!長沢ななこ!京都に行きたいな〜ばいびー(幼少期)みゆ
"
2016/03/12 08:01,COUNTDOWN TV SPECIAL FES,"
こんにちは!守屋あかねんが最近私の小さい口をばかにしてきます。でもあかねん大好きだから許します。今日は3月11日です。東日本大震災から5年が経ちました。この震災で本当にたくさんの方が亡くなり、心に傷を負ったと思います。その傷を私たちが少しでも癒すことができるように、これからたくさんの活動をしていきたいです。勇気や希望を与えたいです。そしてそして今日は『COUNTDOWN TV SPECIAL FES』でした!(°0°)新曲の《サイレントマジョリティー》とカップリング曲の《手を繋いで帰ろうか》を披露させていただきました╭( ･ㅂ･)و☆自分たちの曲でパフォーマンスするのは初めてで、緊張しましたがステージを楽しむことができました!!今日来てくださった方ありがとうございましたどーーーーーん!守屋あかねん♡渡邉りさ♡またねんみゆ(週刊少年マガジンのオフショット)
"
2016/03/10 20:02,おでん。,"
     こんにちばむ。     マーベルツムツムがステージ6 からなかなか進まないです、、                じーーー。         昨日久しぶりにおでんを食べました(*'-'*)    好きな具はしらたきです!    愛知県育ちなので味噌をつけて食べるんです。    美味しかった☆彡    皆さんもぜひ味噌おでん食べてみてください^ ^               メチャカリのCMが解禁されました!!!   ぜひ見てみてください(*ﾟ▽ﾟﾉﾉﾞ           ばいばーい       長沢ななこの笑い方がつぼな   みゆでした。

  "
2016/03/09 23:03,雨,"





こんばんは!




朝起きたら雨が、、(´°ω°`)





今日はいつもよりゆっくり眠れました^ ^








突然ですが今 お気に入りの曲を紹介します☆彡





乃木坂46さん

・ハルジオンが咲く頃
・君の名は希望
・ポッピパッパパー


・しぇからしか!/HKT48さん


・PARTY/少女時代さん




です!(๑˃̵ᴗ˂̵)و 




この曲を聴くとすごく元気が出て、明るい気持ちになれます╰(*´︶`*)╯













セーラー服。




この前のスカパー!音楽祭に出させていただいた時の写真です(*^_^*)♪









ばいばーい






みゆ

  "
2016/03/09 09:40,好きな色は白とピンクと青です,"




こんばんは。





最近メンバーと会うことが多いのですがみんなといると とても楽しいです!!




尾関は食べ過ぎて お腹出ちゃった〜 ってみんなにお腹見せていたり



齋藤ふーちゃんはモノマネをしていたり




菜々香とおだななはお菓子をずっと見つめていたり



平手と今泉はテンション上がると2人で赤ちゃんみたいなやり取りをしだしたり




みんなすごくユーモアに溢れています




楽屋はいつもにぎやかです^ ^









よね(米谷ななみ) &おだなな








あおい(原田)










眠いので寝ます




またね〜




みゆ

  "
2016/03/07 21:51,おだなな,"
こんばんは。昨日天気がよくて もう春の香りがしました!テンションがとても上がりました٩(●˙▿˙●)۶今日は大好きなおだママのお話をします。おだななはいつも優しくて私のお話を聞いてくれます本当にママみたいです今日の私服は私もおだななも メチャカリ!!公式Instagramに mechakari×欅坂46 の写真が載ってるのでぜひ見てみてください^ ^またねーんみゆ
"
2016/03/07 00:30,一瞬の帰省,"
 


 
 
こんばんばむ。
 
 
 
 


 
 
昨日は久しぶりに愛知県に帰れて嬉しかったです^ ^
 
 
 
もっといたかったな〜
 
 
 
 
 
でも1stシングルの握手会でまた行けるので楽しみです(･▽･*)♪
 
 
 
 
 
 
 
そして、今日は《欅って、書けない?》です!!
 
 
 
 
“ポンコツ女王決定戦 後半編” お楽しみに!
 
 
 
 
 
 
 
 

 
 
新制服お気に入り♡
 
 
 
 
ばいばい
 
 
 
 
 
みゆ
 
 
 


"
2016/03/05 17:12,楽しかったー!!,"





こんばんは。





今日はミニ握手会でした(✿´ ꒳ ` )



楽しかったな〜





たくさんの方がお越しくださって、みなさん暖かく迎えてくださりとても嬉しかったですﾟﾟ(´O`)°ﾟ♡




ありがとうございました!




ファンの方々のこともっと大好きになりました。(*'-'*)







私は人見知りを発揮しないようにしたつもりなのですが どうでしたか、、、、





やっぱりまだまだ研究が足りないと思いました。。




頑張るぞ!!






次の握手会は自分も満足のいく対応を、、、











ではでは


オフショーーーーーーット!









平手おばあちゃんから頂いた和菓子♡










りさがバナナに名前を書いてくれた





おだなな大好き









味噌カツ大好き



今日の夜ごはんでした。









今日は本当に楽しかったです^ ^


ありがとうございましたヾ(´︶`♡)ﾉ 







またね〜









みゆ

  "
2016/03/04 19:51,最近ツインテールするのが好きです,"
こんばんばむ。突然ですが、、、明日3月5日にミニ握手会を開催することが決まりました( ◍•㉦•◍ )♡名古屋と大阪に分かれます!私は出身地の愛知県に行けるということで、とてもワクワクしてます٩(*˘ ³˘)۶名古屋 1部は、、・にじか・おだなな・平手・りさ・私名古屋 2部は、、・おぜき・菅井ちゃん・はぶちゃん・べりちゃんです!!!大阪でもやります(* 'ω')ﾉ地方は初上陸です^ ^ぜひ会いに来てね!!♡寝坊しないでね。1stシングルの握手会も 第5次、第6次 応募受付がまだありますのでぜひぜひ*ଘ(੭*ˊᵕˋ)੭明日の握手会楽しみにしてます(•ө•)♡ばいばいガチャピンのまねでした。またね みゆ
"
2016/02/29 12:38,投稿遅くなりました、、,"






こんにちは。






昨日の『欅って、書けない?』で欅坂46初めての選抜発表がされました






正直今とても不安です




私なんか前にいていいのか






でも今はそんなこと言ってる場合じゃないから、これからは欅坂46がより多くの方に知っていただけるように、1人でも多くの方にすごいって思っていただけるように全力でやります。



そして欅坂にとって欠かせない存在と思っていただけるように頑張ります



これからも応援よろしくお願いします







みゆ









ばいばい

  "
2016/02/25 18:29,マベツム,"





こんにちは。




アプリのツムツムのかっこいいバージョン“マーベルツムツム”に絶賛はまり中です( ˙³˙)♡












｡.ﾟ+:✿｡.ﾟ+:✿｡.ﾟ+:✿｡.ﾟ+:✿｡.ﾟ+:✿｡.ﾟ+:✿｡.ﾟ+:



昨日発売の『週刊少年サンデー』に
今泉・鈴本・平手・渡辺 が表紙をやらせていただきました(*˘︶˘*)♡





とてもありがたいです




撮影では色んな衣装を着れて楽しかったです♪



ジェンガもやりました!!













私服ではあまり着ない白ニット!




撮影で衣装を着るようになって、私服のジャンルの幅が広がりました(*'-'*)




もっと色んな服着てみたいな〜














またね!














みゆ

  "
2016/02/23 14:58,ななな,"




こんにちは。






今日五目そばを食べました☆彡




肉団子とか鶏肉とか具だくさんですっごく美味しかったです(●´ー`●)









最近おだなながピスタチオさんのマネをしています。





私的にとても似てるのでいつか皆さんにぜひ見ていただきたいです₍₍ (ง ˙ω˙)ว ⁾⁾




おだなな だぁーいすき(_ _).｡o(まなか風














やっぱりメンバーといるとたのしい。







じゃあね










みゆ

  "
2016/02/19 12:12,チョコ!,"





こんにちは。





昨日バレンタインのお菓子を作りました(*˘︶˘*)♡






じゃん!







チョコバー☆彡


ミルクチョコとホワイトチョコとストロベリーの3種類 作りました٩(●˙▿˙●)۶





みんなに美味しいって言ってもらえるといいな(_ _).｡o○











ばいばい!





みゆ

  "
2016/02/18 14:57,訂正,"
こんにちは。今日は天気がびみょー( ￣_￣)…すみません。昨日のブログで間違えがありました!正しくは握手会第2次応募受付➡︎2月18日(木)15時〜2月19日(金)14時まで⬅︎です☆彡よろしくお願いします(*・ω・*)♡∵⃝♡⍢⃝ ⍤⃝ ⍨⃝ ∵⃝♡⍢⃝ ⍤⃝ ⍨⃝ ∵⃝♡⍢⃝∵⃝♡⍢⃝ ⍤⃝ ⍨⃝ ∵⃝お知らせ!☆3月11日(金) COUNTDOWN TV  SPECIAL FES  in国立代々木第二体育館 ☆☆3月29日(火) ZIP!春フェス2016  in東京ドームシティホール ☆に私たち欅坂46が出演させていただくことになりました!!このような機会を与えていただけることに感謝の気持ちを忘れず日々頑張りたいと思います。頑張るぞーーー!!!またねみゆ
"
2016/02/17 16:06,ニックネーム,"
こんばんは!今悩んでいますニックネームどうしようか。。メンバーからは鈴本と呼ばれています( ･_･)/このまま鈴本になるのかな、、何かいい呼び名ないでしょうか( ￣_￣)前から考えてるのですがなかなか良いのが思いつきません( p_q)もっと考えてみよ(*ﾟ‐ﾟ)14日に放送された『欅って、書けない?』見てくださいましたか?^^内容は家族アンケートでした!!私は自分の笑った顔が好きではないのでとても恥ずかしかったです。。尾関の家族がすごく面白くて会ってみたいなと思いました!(*ﾟ▽ﾟ)来週も家族アンケート第2弾です!ぜひご覧ください!!.ﾟ+:✿｡.ﾟ+:✿｡.ﾟ+:✿｡.ﾟ+:✿｡.ﾟ+:✿｡.ﾟ+:✿｡.ﾟ+:✿｡そして、握手会の第2次応募受付が2月19日(金)の18時までとなっています!お待ちしてます୧⃛(๑⃙⃘⁼̴̀꒳⁼̴́๑⃙⃘)୨⃛♡+:✿｡.ﾟ+:✿｡.ﾟ+:✿｡.ﾟ+:✿｡.ﾟ+:✿｡.ﾟ+:✿｡.ﾟ+:✿｡.ﾟばいびみゆ
"
2016/02/15 13:59,春みたい,"




こんにちは。






最近すごく暖かくて春みたいで少しワクワクしました(  ◍•㉦•◍ )ノ




私は秋冬の寒い時期が好きなのですが、春もすきです♪




夏はあまり好きじゃないです。








昨日はバレンタインでしたね!





皆さんもらえましたか?(*'-'*)





私はまだ作っておりません、、




次メンバー全員で集まるときに作って渡そうと思っています(•ө•)♡





喜んでもらえるかな〜?










そしてそして、、今日は何の日ー?











そう!!







ふーちゃん(齋藤冬優花)のお誕生日です٩(*˘ ³˘)۶








おめでとう♡♡




プレゼント待っててね!












ふーちゃん(*ﾟ▽ﾟﾉﾉﾞ☆






またね!











みゆ

  "
2016/02/12 12:01,握手会٩(ˊᗜˋ*)و,"
こんにちは。今日朝におかゆを食べました。梅干しと味付け海苔を入れて食べたらとても美味しかったです(*'-'*)握手会の第1次応募が今日の14時までです( ´ ▽ ` )ﾉもし迷っていたら、、お急ぎください☆彡握手会楽しみだな〜٩(●˙▿˙●)۶ばいばいみゆ
"
2016/02/11 19:02,チアシード,"





こんばんは。






最近メンバーに会うことが少なくて、少し寂しいです(._.)






この間 チアシードをいただいたのですが、試しにななこ(長沢ななこ)と水に入れてどのくらい膨らむか実験してみました╭( ･ㅂ･)و



面白かったです(* 'ω')ﾉ





Yeah!






















最近バムに全然会っていません、、



とてつもなく会いたいです( ￣_￣)






次はいつ会えるかなー。。














またね〜







りかちゃん(渡辺りか)♡





みゆ

  "
2016/02/10 16:36,メロンパン作りたい,"
     こんばんばむ。      最近カーテンを開けて寝て、日差しが眩しくて起きるという起き方をしています。    なかなかいい感じです     天気が良くてポカポカしているので眠くなってしまいます(_ _).｡o○           最近りさ(渡邉理佐)のおだななへの愛がすごいです( ￣_￣)      ずっとくんくんして、いい匂い〜って言ってます     ずっと抱きついています     見ている私はどうしたらいいのか、、     普通の顔してほっときます(-_-)           もうすぐ バレンタイン ですね(*'-'*)♡     私はグラノーラチョコバーを作ります。   でも葵(原田あおい)ちゃんとかぶってしまいました    でも材料も器具も買っちゃった(._.)   ごめんね葵ちゃん             これは去年のバレンタインで作ったクッキー☆彡         メロンパン得意なんです( ･_･)/    メロンパン作りたいな( ･_･)/         またねー           みゆ

  "
2016/02/09 21:36,4月6日,"
こんにちは。私達 欅坂46は 【 4月6日(水)】 にデビューすることが決定致しました!!!そして、デビューシングル発売記念日の全国握手会&個別握手会の開催も決定致しました!!!嬉しいです。握手会でファンの皆さまとお話しすることが待ち遠しいです(*ﾟ▽ﾟ)☆何話そうかな〜?と今から考えています(o˘◡˘o)たくさん話すこと考えておきます♪私は人見知りだったのですが 今までお見立て会やミニ握手会を経験して、ファンの皆さまと少しの時間だけどお話しすることってとても楽しいなと思いました!ファンの方々のおかげで少しずつ人見知り克服しています。ありがとうございます( ;  ; )今回の握手会では 千葉・京都・横浜・そして私の地元の名古屋を周りますとても楽しみです!!第1次応募受付は 2月12日の14時までです(* 'ω')ﾉよかったらぜひ私達に会いにいらしてください( ;  ; )♡それではまたね☆彡みゆ
"
2016/02/08 02:05,パンケーキ食べたい,"
こんばんは。今日もいい天気!!昨日床で寝てしまい、とても体中が痛いです(⌒-⌒; )そして冷えました、、今日からはちゃんとベッドで寝ます(._.)最近 bills のパンケーキが食べたくてたまりません╭( ･ㅂ･)وはぁ食べたい。いつか平手と行こっとていてい昨日のお店まわり 私はテストで行けませんでした( ;  ; )すみません次もし行くときは 昨日の分まで一生懸命やりたいと思います!!昨日はみんなありがとう(._.)♡またねみゆ
"
2016/02/03 21:37,恵方巻,"





こんばんは。




最近いい天気ですね(*ﾟｰﾟ)v






そして今日は 《節分》です!!!










あかおにー

ムッ!!






皆さんは恵方巻き食べましたか??




私は食べていません(._.)










今日は久々に絵を描きました!




次はなに描こうかな( ￣_￣)












ばいばい






みゆ

  "
2016/02/02 21:58,2月2日,"





こんばんは。







今日 ツインテールの日の聞いたので、、、













ツインテール











今日朝 外に出た瞬間 寒すぎて凍えそうでした(°_°)






アウターを着ずにマフラーだけで出てしまい寒かったです





みなさんも風邪やインフルエンザに気をつけてください(ｰ ｰ;)












おだ(*´ｪ`)ﾉ











平手φ(･_･











明日は節分!!!



恵方巻食べたいな〜











ばいばーい







みゆ

  "
2016/02/01 21:01,(o˘◡˘o),"


 
 
 
 
こんにちばむ。
 
 
 
 
 
最近さらに寒さが増した気がします(((°°;)
 
 
 
 
 
 
 
 
昨日放送された 欅って、書けない? は お正月レポート でした!!
 
 
 
 
 
私はずっと前から作りたかった アップルパイ を作ってみました(* 'ω')ﾉ
 
 

 
 
 
 
動画はおねえちゃんに撮ってもらいましたヾ(･ω･ )
 
 
 
久しぶりの料理は楽しかったです☆彡
 
 
 
 
 
 
 
 
今日から2月になり、もうすぐ節分とバレンタインデーですね ♪
 
 
 
 
 
メンバーにお菓子作りたいな(_ _).｡o♡
 
 
 
 
 
 
 
 
 
 
 
 
 

 
 
葵ちゃん♡
 
 
変人人ケーキ食べてみたい( ￣_￣)
 
 
 

 
 
 
 
またね〜
 
 

 
織田なな(*ﾟ▽ﾟﾉﾉﾞ
 
 
 
 
 
 
 
みゆでした


"
2016/01/31 00:10,ALL LIVE NIPPON (^^*)♪,"
 

 
 
 
こんばんは。
 
 
 
 
 
 
 
今日は 【ALL LIVE NIPPON】本番でした!!
 
 
 
 
 
見に来てくださった方々 ありがとうございました。
 
 
 
 
 
 
 
 
 
昨日は緊張せずに ぐっすり眠れました(_ _).｡o○
 
 
 
 
 
でも結局 出る直前からかなり緊張しました(°_°)

 
 
 
 
 
 
 
 
 
今回は おもてなし会 でやらせていただいた ダンスを全員でやらせていただきました╭( ･ㅂ･)و
 
 
 
 
 
 
まだデビューもしていない私達がこんなに大きなステージに立たせていただけることにとても感謝しています。
 
 
 
 
 
いつか今回の 国立代々木第一体育館 を欅坂46のファンの方々を私達の力で埋められるように これからも頑張ります
 
 
 
 
 
 
 
 
 
 
 
 
 
今日の写真(*'-'*)♡
 
 
 
 

 
 
おだなな & ななこ(長沢ななこ) ☆
 
 
 
 
 
 
 

 
 
りさ(渡邊りさ) ^^
 
 
 
 
 
 
 

 
 
またまたおだなな♡
 
 
 
 
 
 
 

 
 
 
おり(尾関りか) ♪
 
 
 
最後にこのサイン入りのフリスビー飛ばしました!
 
 
取れましたか??(o_o)
 
 
 
 
 
 
 
 
 
 
 
 
 
 
 
 
今日とっても楽しかったです!(･´_`･)
 
 
 
 
ありがとうございました!!!!!
 
 
 
 
 
 
 
 
 
 
 
じゃあね
 
 
 

 
 
みゆ

 
 
 



"
2016/01/30 00:00,明日,"
こんばんは。ついに明日、、ALL LIVE NIPPON 本番です。ステージに立てる幸せ本当にありがたいです今日寝れそうにないです( ￣_￣)緊張する、、、明日に向けて最後の練習をしてきました(*´ｪ`)ﾉ不安もあるけど、メンバーみんなで 明日の本番頑張ります!!!!お気に入りのボディークリームを塗って 気合い入れて寝ます╭( ･ㅂ･)وおやすみなさい。風邪が流行ってるそうなので皆さん気をつけてくださいねみゆ
"
2016/01/28 23:09,モンブラン!,"
こんばんは。今日はいい天気でした^ ^この前 収録でケーキの差し入れを頂きました!!!みんながモンブランをとっておいてくれたので 嬉しかったです (๑′ᴗ‵๑)♡美味しかった(_ _).｡o♡ありがとうございました。先週の 欅って、書けない? で一緒に栗ポーズしてくれたななこ(o˘◡˘o)ななこ(長沢ななこ)の愛犬に 『マロン』と言う名前の子がいるそうです。会ってみたいな〜最近体に良い美味しい食べ物見つけることにハマっています!昨日見つけた ローソンの くるみとココナッツのキャラメリゼ に早くもハマりそうです(* 'ω')ﾉぜひ食べてみてくださいヾ(･ω･ )守屋あかねんとべりちゃん(渡辺りか)とななこと志田に好評でした!!╭( ･ㅂ･)وドライフルーツとかも好き^ ^ではまたね〜おだ♡みゆ
"
2016/01/26 17:31,週刊ヤングマガジン,"
こんばんは。☆ALL LIVE NIPPON☆ まであと5日!!頑張ります。只今 週刊ヤングマガジン 発売中です(* 'ω')ﾉ☆小林ゆい☆佐藤しおり☆鈴本みゆ☆長沢ななこ☆土生みづほ☆守屋あかねん☆米谷ななみ☆が登場しています!オフショットじゃあまたね今はダンスの気分ばいばいみゆ
"
2016/01/24 23:03,☆彡,"
こんばんは。この間 マロンプリン というものを初めて食べました(* 'ω')ﾉすごーくなめらかで美味しかったですこのチョコバージョンもあるのですが、どちらも大好きです。今日は写真たくさん載せてみます(´・ω・`)菅井ちゃん♡ヒヒーン(*´ｪ`)ﾉおり(尾関りか)♡どアップ!!平手♡ぶれた、、あちゃふーちゃん♡最近さらに可愛くなった(･´_`･)よき話し相手おだなな♡ママみたい♪ あかねん(守屋あかね)♡おだなな♡べりちゃん(渡辺りかちゃん)♡いっぱい♡♡♡またねんあかねん♡みゆ
"
2016/01/22 12:23,スカパー!音楽祭2016,"
こんにちは。最近寒いですね、、昨日ファンレター頂きました(･´_`･)♡優しく言葉をかけてくださったり、自分が気づかないアドバイスをくださったり 私にとってファンレターの存在はとても大きいです。いつもありがとうございます(o˘◡˘o)編み込み☆彡おもてなし会のリハーサルの時の写真です!!本番も編み込みしました╭( ･ㅂ･)وそしてそして、、2月28日(日) の 19:30〜放送の 【スカパー!音楽祭2016】 に私たち欅坂46 が出演させて頂くことになりました1月30日の【ALL LIVE NIPPON】に引き続き 出演させて頂くことをとても嬉しく思いますおもてなし会以上のものにできるよう メンバー全員で頑張ります!!!!!それじゃまたねみゆ
"
2016/01/21 00:15,バム,"
こんばんばむ。今日 愛知県は雪が積もったみたいです!毎年雪が降った日は必ずバムと遊びます ♪私もバムも雪が大好きなのでいつもはしゃぎ回ります╭( ･ㅂ･)و今年も遊びたかったな、、さてさておもてなし会も終わり、次の ALL LIVE NIPPON に向けて練習していますオープニングアクトとして出演させていただくのですが、ファンの方々にも色んなアーティストさんのファンの方々にも 欅坂46 が印象に残るように 精一杯やりたいと思います!!初詣の時の写真みゆりな (*ﾟ▽ﾟﾉﾉﾞまたね〜みゆ
"
2016/01/17 23:43,無事に、、( ;  ; ),"
こんばんは。今日も1日お疲れ様です( ^^)人(^^ )昨日と今日 全部で3公演の『新春!おもてなし会』 たくさんの方々に支えていただき 無事に終えることができました。内容は 欅坂46の様々な部活動をお見せする という形でした放送部、美術部、音楽部、演劇部、私が参加させていただいた ダンス部、そして書道 と色々なジャンルでおもてなしました! 準備期間も長くはなく、みんな必死に練習して どうすれば来てくださる方々を楽しませることができるのか。と悩んだり 苦戦することもたくさんありましたでも今回で少し自身がつきました。大好きなダンス  とっても楽しかったです練習中は筋肉痛で 5人でイタイイタイってずっと言っていました 笑今は筋肉痛がだいぶついたので落とさないように日々踊り続けます╭( ･ㅂ･)و次は30日、、頑張るぞー!!!!!暖かく私たちを迎えてくださりありがとうございました!ひ〜らてっ志田とおだななおだななと平手りさ男♡ (渡邊りさ) あかねんと志田とりさの男装 カッコよかった、、(*'-'*)ではまたね(^○^)みゆでしたありがとう!
"
2016/01/17 00:55,おもてなし,"
こんばんは。今日は ☆新春!おもてなし会☆ でした!来てくださった方 忙しい中ありがとうございました今日悔しかった点などがあったので、明日こそは悔いが残らないように頑張ります!!詳しい事は明日終わってからまた話しますね(* 'ω')ﾉ短くてすみません。おやすみなさいお気に入りのボディークリームをぬって今日は寝ます(_ _).｡o○みゆ(๑′ᴗ‵๑)
"
2016/01/13 12:17,写真,"
こんにちは。寒くなってきましたね(бoб)おもてなし会まであと3日着々と準備は進んでいます!!当日がとても楽しみです(*ﾟ▽ﾟ*)よね(米谷ななみ)と ♪(´ε` )よねとはよく話します明るいので元気になります。おだなな♡私にはとても塩対応ですおぜき(尾関りか) ☆彡相談したり食べ物の話しをしたりします平手と志田(* 'ω')ﾉいぇいいぇい今日は写真たくさん載せてみましたもっと撮ったのでまた載せますね(*´ｪ`)ﾉそれではばいばいみゆ
"
2016/01/09 15:47,コロコロ,"
こんにちばむ。天気が良くてポカポカしてて眠くなってきますバムくんの寝顔見てても眠くなりますかわいい(_ _).｡o○今日起きる時 身体中が痛くて起き上がれませんでした、、笑筋肉痛がひどいです 笑イタイイタイ、、でも志田まなかは筋肉痛が好きだそうですとても謎です編み込みしてみたコロコロ♡小顔になーれ。ばいばいみゆ
"
2016/01/08 21:25,新春!おもてなし会,"
こんばんは。最近いい天気ですね(* 'ω')ﾉ天気がいいと気分も上がります(๑′ᴗ‵๑)♪最近寝る前にアロマで癒されています(´-`).｡oO柚子の香り♡そしてそして!!今月の ☆ 1月16日(土) & 17日(日) ☆ に私たち欅坂46 2016年 初の!イベント 『新春!おもてなし会』 を開催することが決まりました(*ﾟ▽ﾟﾉﾉﾞ 去年のお見立て会に続き再びイベントを行えることになり、とても嬉しいです。このような機会を与えていただいたからには 来てくださるすべての方々に 欅坂すごい。と言っていただけるようにメンバー全員 全力でやります。楽しみにしていてください!!!!!平本よし!練習がんばるぞヾ(ﾟｰﾟゞ)( 尸ｰﾟ)尸またねん あかねん(´-`).｡oO  みゆ
"
2016/01/05 23:08,1月5,"
こんばんばむ。今日もいい天気でした( ￣_￣)☆ただいま私は愛知県を満喫しています╭( ･ㅂ･)و久々の cooking ♪やっぱり料理は楽しい!♡今日のメニューは、、、?ヒントは りんご です……まだ秘密。笑いつかわかると思います^ ^私の地元はとても田舎で、空気が綺麗です地元の空気の匂いが大好きですそろそろ東京に上京しますお餅つきしたり家でゴロゴロしたり美味しいもの食べたりバムと遊んだりみんなでご飯食べたり、、幸せでした残りわずかだけど楽しむぞ( ^^)人(^^ )おねえちゃんが買ってきてくれた (*'-'*)和菓子大好き!洋菓子く和菓子皆さんはどっちが好きですか??それではまたねばいばいみゆ
"
2016/01/01 20:30,明けましておめでとうございます,"
明けましておめでとうございます2016年になりましたねヾ(○･ω･)ﾉこんにちはいい天気です☀︎昨日は大晦日ということでカニを食べました(*ﾟ▽ﾟ*)お正月はお餅とか屋台とか美味しいものがたくさんあって幸せです (o˘◡˘o)♡みなさんは初詣行きましたか??バム♡♡♡もうすぐ離れると思うと悲しいです、、一緒にいれるうちにたくさん遊びたいと思います ^ ^またね今年もよろしくお願い致します。みゆ
"
2015/12/31 20:07,大晦日,"
こんにちは。私のいる愛知県はとってもいい天気ですv(o゜ェ゜o)ポカポカあったかい ♪昨日はおばあちゃんの家でお餅つきをしました!!私は毎年みんなであんこを包む よもぎ餅がすごく好きで、たくさん食べたいところですが 少し控えながら食べたいと思います( ￣_￣)やっぱり自宅はいいですね .。oOこたつがあって みかんがあって バムくんがいて、、充実した休みを過ごしています。バムくんと3ヶ月振りに会って、忘れられていないか心配でしたが覚えていてくれました私を見た瞬間にピョンピョンピョン飛び跳ねて暴れました。嬉しかったです東京に連れて行きたいです(犬用のニット帽を被っています)今年も今日で最後ですね、、今年の後半 あまり記憶にないですどんどん時が過ぎて もう年明けです来年は欅坂46の活動で充実した1年を送りたいなと思います2016年もよろしくお願いします ^ ^良いお年を〜ばいばいみゆ
"
2015/12/28 15:35,ただいま( ;  ; ),"
こんにちは。とってもいい天気ですね ( ´ー`)ﾉそしてそして、今日 久しぶりに 愛知県に帰省しました (人･_･)♡上京して早3ヶ月、、最初はウキウキだったものの 今では毎日ホームシックです。友達との電話や、家族からの励ましの言葉や手紙、おばあちゃんからの手紙、ファンの方々からのファンレター など  たくさんの方が私の心の支えになってくれています本当に感謝しています。どん!「故郷へいってきます」平手ちゃんと一緒に帰りました╭( ･ㅂ･)وなんだかんだ いつも一緒です名古屋駅について チョコフランス を食べました美味しかった (o˘◡˘o)家に帰ったので 寮では作れない 料理 をたくさん作りたいなと思ってます (*ﾟ▽ﾟ*)画像も載せるので 楽しみにしててくださいではでは今日はこの辺でばいびみゆ
"
2015/12/25 12:08,わーい,"
 

 

 
おはようございマス
 
 
 
 
 
 
今日は大好きなクリスマス (*^^*)♡
 
 
 
 
ってことで、サンタとトナカイを書いてみました
 
 
 
 
 
 
 
 

 
 
 

変色サンタとトナカイ
 
 
 
 
 
 
トナカイ初めて書いた ( ･_･)/
 
 
 
どうかな
 
 
 
 
 
絵たまーに書くけど、やっぱり楽しい ♪
 
 
 
 
 
お正月は何書こうかな
 
 
 
 
 
色のバリエーション増やしておくね ( ￣_￣)
 
 
 
 
 
 
 
 
 

 
 
敬礼
 
 
 
 
 
 
 
今日の予定はナイショ〜
 
 
 
 
 
みなさんクリスマス楽しく過ごしてください
 
 
 
 
 
ばいばーい
 
 
 

 
 
あごぴーす
 
みゆ



"
2015/12/23 18:13,もうすぐクリスマス,"
こんばんは。天気が微妙ですね ( ￣_￣)もうすぐクリスマスです!!まだ予定が何もない、、去年まで毎年 家族といとことクリスマス会をしてました!プレゼント交換をしたり、ケーキ作ったりするのですが、今年は参加できず (´･_･`)1人でどこか行こうかな、、 -_-いや、平手連れて行こう長沢ななこがくれたお菓子たち♡今泉ゆいちゃんがくれたバスセット♡隣の小枝 モンブラン味 は いまゆいママさん がくださいました ^ ^食べることって幸せだな〜そしてまたイルミネーション見に行きたい。平手についてきてもらお最近 料理してないから料理したいな、、愛知のお家帰ったら たくさん作ろ!行きたいところ、やりたいことがたくさんある╭( ･ㅂ･)و今は眠いからねるおやすみなさいみゆ
"
2015/12/21 23:05,長文,"
こんばんは。寒いですね (((((°°;)今日は予告してた通り自己紹介します!╭( ･ㅂ･)و1997年 12月 5日 生まれ 18歳ニックネーム まだ定まっていません、、メンバーからは すずもっちゃん とか すずもん とか みゆ とか 鈴本 とか 色んな呼び方で呼んでもらってます ( ^^)人(^^ )愛知生まれ愛知育ち(田舎)星座 いて座  血液型 AB型 よく変わってるね と言われます(´･_･`)年 丑年 ウシ年のせいか、家にいる時の動きが遅いとよく言われていましたあと 「もー」が口癖でした家族構成 お父さん お母さん お姉さん バム身長 155㎝ 昨日の握手会で「実物小さいね」とよく言われました (笑)足のサイズ 22.5㎝趣味 料理 お菓子&パン作り1人でも作りますが、小学生のいとこと一緒にパンやピザを作ったりしますヾ(･ω･ ) コネコネ特技 これから探しますチャームポイント 見つけます♡LIKE シリーズ♡曲 Mr.Snowman(E-girlsさん)    Blue Sky Blue(Flowerさん)    Bignner(AKB48さん)   命は美しい(乃木坂46さん)   世界で一番孤独なLover(乃木坂46さん)    アーティスト 乃木坂46さん / E-girlsさんブランド  Auntie Rosa / dazzlin / GU  動物 犬 飲み物  コンスープ / ミルクティー / 白湯食べ物 栗  最近はお餅も好きですハーゲンダッツの 華もち とか 大福 とか のびーるものが好きです季節 秋冬寒いの大好き場所 お風呂 / ベッドの上 / お家(愛知)半身浴にはまっています (* 'ω')ﾉアプリ ツムツムキャラクター アリエル / スヌーピー / ドナルド雑誌  non-no / Ray こんな感じですブログを見てくださっている方に 私の過去のことも知って欲しいので、今度 過去のお話もしますね ( ￣_￣)長々と失礼いたしました。それではまたね半身浴おわった〜  アツイアツイみゆ
"
2015/12/20 22:44,握手会!!,"
こんばんは。今日は握手会でした!志田まなかと小池みなみちゃんと石森にじかちゃんと渡邉りさちゃんの5人で ららぽーと富士見 に行ってきました (*ﾟ▽ﾟﾉﾉﾞ来てくださった方 ありがとうございます。ビラ配りの時にうまくいかなくて、、それでもすごくたくさんの方々に来ていたただいて、たくさんの方々とお話できて 楽しかったです (o˘◡˘o)♡私は初対面の方とあまり話すことが得意ではありませんが、今日色んな方とお話してみて こんなに楽しいんだと思いました╭( ･ㅂ･)و寒い中 本当にありがとうございました ^ ^また握手会したいです!!早くもっとたくさんの方と話したいです (*'-'*)今から楽しみワクワク♡明日のブログで 少し自己紹介するので待っててください( ￣_￣)それではまたね!ばいばいみゆ
"
2015/12/19 21:00,さむい,"



こんばんばむ。





最近更に寒さが増しましたね ( ￣_￣)






昨日の夜にみかんを7コくらい食べました





本当はこたつで食べたいです















平手と

なんだか笑えなくて無表情 -_-









無表情すぎて笑えた (°_°)











またね



みゆ

  "
2015/12/17 21:33,FNS歌謡祭,"
こんばんは。昨日はFNS歌謡祭に出演させて頂きましたステージに立つことがこんなに楽しいことなんだとわかりました私にとって とても良い経験になりました ^ ^私たちはもっともっと出来ると思うので 次は1月30日の ALL LIVE NIPPON に向けて頑張ります。それではばいばいみゆ昨日の写真を載せたかったのですが、写真を撮るのを忘れてしまいました すみません(´･_･`)
"
2015/12/13 17:11,ひつまぶし,"
こんばんは。天気があまり良くないですね今日はひつまぶしを食べました(* 'ω')ﾉ愛知で食べた以来だったので懐かしくて、久々のうなぎ とても美味しかったです ^ ^そして今日は 欅って、書けない? (関東ローカル)ですね!ぜひ見てください ( ´ u ` )私はこれからたくさん 栗 を頂けるように、ポケットが 栗 でいっぱいになるように頑張ります╭( ･ㅂ･)وくり。FNS歌謡祭まであと4日、、早く寝よーっとではではみゆ
"
2015/12/11 23:48,もうすぐ,"
こんばんは。今日は雨が降ったり、晴れたり変な天気でしたね帰り道に空見たら珍しく星が見えました。FNS歌謡祭まであと6日もうすぐです私は緊張してないつもりなのに、前日の夜眠れなくなるタイプです。ずっとそわそわしてしまうので 寝れるか心配ですまだデビューもしてないのに、FNS歌謡祭に出演するという すばらしい機会を与えて頂いたからには 一生懸命頑張ります。あと少しの時間で私に出来ることを全力でやります。欅坂46 初の音楽番組  楽しみにしていてください╭( ･ㅂ･)وそしてそして第2弾 ファンレターが届きました!!一つ一つ大切に読ませて頂いてますファンレターですごく支えてもらっています ^ ^感謝の気持ちでいっぱいです それではまたひらておだなな葵ちゃんと平手ばいばーいみゆ
"
2015/12/08 14:06,ありがとう。,"
こんにちは。寒いですね 彡(-ω-  )彡冬になるとこたつが恋しくなります。皆さん風邪ひいてませんか?私は年に風邪ひくかひかないかくらいなので、いつも元気です(o˘◡˘o)今日は誕生日にもらったプレゼントがとても嬉しかったので紹介したいと思います(*ﾟ▽ﾟ*)栗好きな私に 米谷ななみちゃんは 『天津甘栗』をくれました!♡菅井ゆうかちゃんは『クッキー』と『くりほうじ茶』と『栗ようかん』をくれました ☆彡くりほうじ茶 初めて見ました!L(・o・)」もったい無くてまだ飲んでいません、、そして渡辺りかちゃんと志田まなかは『ケーキ』をくれました ♡モンブランも入ってます ^ ^すごく美味しかったです!平手ゆりなちゃんは前も写真載せましたが『カエルのマッサージ機』をくれました!小林ゆいちゃんは『イヤリング』をくれました ^ ^私服でよくイヤリングをつけてるのを見ててくれてたらしく、大人っぽいイヤリングをくれました♪(´-` )守屋あかねちゃんは『ハンドクリーム』をくれました ♡私は乾燥肌なので嬉しかったです╭( ･ㅂ･)وとてもイイ香りです尾関りかちゃんは『マグカップ』と『ハンドタオル』をくれました ☆彡私は毎日暖かいものを飲むので いつも使わせてもらってます(*ﾟーﾟ)メンバーに誕生日を祝ってもらい すごく幸せでした、、みんなありがとう ^ ^それでは今日はこの辺で久々のバムくんばいばーいみゆ
"
2015/12/07 23:58,クリスマス,"

 
こんにちは。
 
 
 
 
 
この間 ついにけやき坂のイルミネーションを見に行ってきました ☆彡
 
 
 
さて、誰と行ったでしょう
 
 
 
 
 
 
 
 
イルミネーションとっても綺麗で癒されました、、
 
 
 
 
 

 
 
 
 
 
 
 
 

 
 
たくさんクリスマス気分を味わってきました ^ ^ ♡
 
 
 
 
外国みたいな雰囲気でした *･✴︎
 
 
 
 
こういう雰囲気大好き
 
 
 
 
 
 
食べ物もとても美味しかったです(*´ｪ`)ﾉ
 
 
 
ソーセージやチーズがかかったポテトを食べました
 
 
 
お店がたくさんあったのですが、その中に 『マロンフライ』という栗を揚げたものがあって食べようとしたら  売り切れでした、、
 
 
 
残念。
 
 
 
 
 
 
 
 
行ったばかりなのにもう行きたいです
 
 
 
 
 
クリスマス過ぎるまでにまた行こうと思っています
 
 
 
 
 
 
 
 
 

 
 
 
行った相手は平手ゆりなちゃんでした
 
 
 
 
 

 
 
 
 
 
 
楽しかった〜
 
 
 
 
 
 
 
 
 
またね
 
 
 
 
 
 

 
 
 
 
 
 
 
みゆ
 
 
 
 

"
2015/12/05 21:57,18歳になりました( ･_･)/,"
こんばんは。今日も寒いですねみんなに誕生日 祝ってもらいました ☆彡モンブラン食べて、プレゼントもらって幸せな1日でした (^^*)♪久々にモンブランを食べられて嬉しかったです♡ご馳走さまでした ^ ^ ♡平手ちゃんがカエルのマッサージくれた ~ ヾ(･ω･ )今日はnewパジャマで寝まーす耳つき = ・ =平手ちゃん登場誕生日って楽しいなじゃあまたね(* 'ω')ﾉみゆ
"
2015/12/02 22:18,嫌いなこと,"




こんばんは。





朝ごはんで栗まんじゅうを食べました。





美味しかったです(^○^)









前に好きなことベスト3を紹介したので、今日は嫌いなことベスト3を紹介します(*ﾟ▽ﾟﾉﾉﾞ







☆1位☆  暗いところ


おばけ屋敷は以ての外。上京するまで1人で寝られませんでした。



2位  夏

私は人一倍 日焼けをしやすいので 夏は苦手です。



3位  人参


好き嫌いがない私ですが、にんじんだけはどうしても好きになれません ~_~;













今日は嫌いなことを紹介しました( ･_･)/





またいろいろ紹介したいと思います





ではでは






みゆ











ツインテールんルン

  "
2015/12/01 16:58,りんご,"
こんにちは。ついに12月に突入しましたね!12月といえばクリスマスや大みそかなど、、イルミネーションとかお餅とかとにかく楽しいことがたくさんです(* 'ω')ﾉ♡年越しまであと1ヶ月私は今年 1年とっても早く感じました(._.)みなさんはいかがでしたか?(´・ω・`)志田からりんごもろた٩( ᐛ )وいぇいじゃあまたねみゆ
"
2015/11/30 14:28,新メンバー,"
こんにちは。天気いいですね☀︎昨日 甘栗を持っていったら メンバーに好評でした(*ﾟ▽ﾟﾉﾉﾞ自分が好きなものを 好きー!って言ってくれることがすごく嬉しいです!^ ^昨日は 欅って、書けない? でしたそして新メンバーの 長濱ねるちゃん が加入しました☆彡新メンバーが入ると発表があって 私も驚きましたけやき坂も新たに出来ることになって、色々と昨日はたくさん重大発表でしたが これからも欅坂46 全力疾走!していくので 見守っていただけると嬉しいです!これからも頑張るぞ╭( ･ㅂ･)وそれではまた明日みゆ
"
2015/11/29 12:34,日々感謝^ ^,"
こんにちは。今日も寒いですねそしてなんと12月16日(水)にFNS歌謡祭に出させて頂くことが決まりました知った時は驚きが隠せませんでしたこのように今たくさんのことを経験させて頂けるのは乃木坂46さんのおかげです感謝の気持ちでいっぱいです12月16日に向けて精一杯練習をして頑張ります!そして今日は菅井ゆうかちゃんのバースデーです( ^^)人(^^ )おめでとさん♡♡ゆうかちゃんはいつも笑顔で優しいです☆彡また写真撮ろう╭( ･ㅂ･)وじゃあまたね平手と鈴本みゆ
"
2015/11/28 14:49,☀︎,"





こんにちは。





すごくいい天気ですね!!!☀︎



ルンルンです







今日は私の好きなことを紹介します!











☆1位☆    美味しいものを食べてる瞬間




食べることが好きで、美味しいものを食べているときは とても幸せです^ ^





2位  外の季節の匂い



私は人より少し鼻が敏感で、春夏秋冬の季節感のある空気の匂いが好きです


特に今 冬に近づいてて 私は冬が大好きなので 
家から外に出た時の冬の匂いが好きです



今日も冬のいい匂いがしました








3位  好きなテレビ番組を見ている時




私はテレビをあまり見ないのですが、好きな番組だけ見ています。



好きなのはバラエティー番組で
『しゃべくり007』 や 『イッテQ』などをいつも見ています(._.)



『欅って、書けない?』も好きで テレビの前で大笑いしてます。




 あと外国の映画も好きです!




その中でも『ホーム・アローン』と『チャーリーとチョコレート工場』が大好きです☆彡












それではまたね






















みゆ

  "
2015/11/27 21:25,好きな食べ物,"
こんばんは。今日はすごくいい天気でした (*^^*)そして、この前 non-no 1月号 買ってきました!!non-noは毎月買っていて いつもコーディネートの参考にさせて頂いています!!1週間くらい前まで当分服はいらないかも と思っていたのですが、最近すごく服を買いたい衝動にかられています、、近々お買い物行くぞ ( ･_･)/突然ですが、私の好きな食べ物ベスト3 紹介します!!☆1位☆  栗!みなさん知ってるかもしれないですが 私は栗が大好きで モンブランや栗どら焼き など 栗が入っていれば何でも好きです ^ ^2位 たまご、マカロン卵焼きや煮卵が大好きです!マカロンはキャラメル味が一番すき!3位 みそ愛知県民なので家でよく 味噌を使った食べ物が出てきます☆彡味噌カツやみそおでんなど何でも合います皆さんにもぜひ味噌の良さを知っていただきたいです!またこのように私のことをもっと知ってもらえるように 色々紹介していこうと思っています( ^^)人(^^ )ではまたみゆ
"
2015/11/26 19:42,( ￣_￣),"
こんばんばむ寒いですね!お昼にテレビで夢の国のクリスマス特集がやっていて、行きたくなりました╭( ･ㅂ･)و今日は久々にずっとお家にいました^ ^掃除が好きなので掃除とかしたり、テレビ見たり  ゆったりした日でした♪この間買った 飴♡明日どこかお出かけしたいなー ( ￣_￣)前髪作ろうかなー ( ￣_￣)それではまたみゆ
"
2015/11/25 13:54,雨,"
こんにちは(*´ｪ`)ﾉ今日はあまり天気がよくないですね。昨日は尾関りかちゃんと天津甘栗を食べました!!すごーく美味しかったです^ ^ああモンブラン食べたい( ;  ; )他のメンバーも栗好きー!って言ってくれる子がいて嬉しく思います!!冬が大好きすぎるせいか、最近家にいることが少なく、外に出ることが多いです!!街でクリスマスソングが流れてたり、イルミネーションが飾られてたり お出かけするのがとても楽しいです♪今年は欅坂のイルミネーションを見にいこうと思っています☆彡今日は大好きなバムくんです♡ばいばい!みゆ
"
2015/11/24 17:46,栗マーク,"




こんにちはー




今日は晴れですね!^ ^





そして、今日発売の雑誌 『Samurai ELO』と『Street Jack』に出させていただきました☆彡





初めて制服とか 以外の洋服を着て撮影して、とても楽しかったです!!




普段着ないような洋服も着れたので 新鮮でした!!













朝 欅って書けない?を見ました!




皆さん見てくださりましたか?(o_o)




尾関りかちゃんがすごく面白くて 1人で大笑いしていました 笑




尾関りかちゃんとは最近話すようになって、食べ物の話しとかよくします。




最近メンバーといることが多いので みんなの色んなことが知れて楽しいです(^O^♪















20人いると飲み物が誰のかわからなくなるので 私はいつも栗マーク書いてます

















最近ふとした時に絵を書くのにはまっています!





今トナカイに挑戦中です



















今日は菅井ゆうかちゃんと上村りなちゃんの写真です






































最後に平手ゆりなちゃん















ばいばい





みゆ

  "
2015/11/23 11:31,モンブラン,"
おはようございます!!寒いですね(o_o)今日 朝のテレビ番組でモンブランを食べているのを見て、私も食べたくなりました ^ ^今ダイエットしているので いつかご褒美で食べに行きたいと思っています♪楽しみだなー平手ゆりなちゃんとの写真また他のメンバーとの写真も載せます(⌒▽⌒)今日も1日頑張ろう!!ばい!みゆ
"
2015/11/22 11:44,さむーい,"

鈴本美愉です今日はすごく早起きでした!朝から寒くて 冬が近づいてるなーって嬉しくなりました ^ ^街でイルミネーションとかクリスマスツリーとか飾ってあったり この季節はとても好きな雰囲気です、、よみうりランド行きたいなぁ、、今日もみんなと写真たくさん撮りました!!また載せますね〜平手ゆりなちゃんとの写真でさようなら。ばいび!  みゆ
"
2015/11/21 22:17,栗の飴,"

こんにちばむ
 
 
初めてお昼に更新します(c_c)
 
 
 
 
 
 
 
 
 
 今日の栗
 
 
 
 
 


 
栗の飴!珍しくないですか^ ^
 
 
 
見た瞬間 はっ!ってなって買っちゃいました 
 
 
 
 
美味しくいただきます♡
 
 
 
 
 
 
 
 
あと、私たちが初表紙をさせていただいた UTB が今日発売しました!!☆彡
 
 
 
制服や部活の格好などいろんな服で撮影しました
 
 
 
 
撮影がすごく楽しくて 夢のような日でした
 
 
 
 
今日はそのオフショットを少し載せます、、
 
 
 
 
 
 
 
 
 
 
 
 
 
 
 

 
 
 
 

 
 
 
 
 

 
 
 
 


また今度もっと載せますね!
 
 
 
 
 
 
みゆ
"
2015/11/21 00:26,冬が好き,"
こんばんばむ。今日はちょっと曇ってましたね昨日は1人で渋谷にお買い物に行って 洋服を買ったりふらふらしてました (^○^)楽しかったです!!私は秋冬が大好きなので毎日ワクワクしています(o_o)クリスマスも近づいていて、その雰囲気が大好きですクリスマスずっと終わらないでほしいです。サンタさん来ないかな、、書いてみました 笑今日も毛布でぬくぬくしながら寝まーすおやすみなさい。みゆ
"
2015/11/20 03:49,鍋,"
こんばんは。今日は少し暖かかったですね朝からすごくいい天気で嬉しかったです^ ^今日はみんなでご飯を食べました!!鍋。すごく美味しくて感動しました、、ますますメンバーと仲良くなれてる感じがして、毎日がとっても楽しいです☆彡夜遅くの更新ですみません。それではおやすみなさい。みゆ
"
2015/11/19 00:29,こんばんばむ,"
 

 

 
 
 
 
こんばんばむ今日は雨が降っていましたね、、
 
 
 
 
湿気でちょっと髪の毛がチリチリでした(e_e)
 
 
 
 
 
 
 
 
 
今日はお昼ごはんでかぼちゃプリンを食べました。
 
久々に食べてとても美味しかったです^ ^
 
 
残念ながら栗は食べていません、、、びっくり!!  
 
 
 
 
 
 
なんてね
 
 
 
 
 
 
 
 
 
 
 

今日は平手ちゃんとバムくんでさようなら
 
 
 
 
 
 
 
 
 
 
 

 
 
 





 
かわいい^ ^
 
 
 
 
 
それではまた明日 おやすみなさい。
 
 
 
みゆ

 
"
2015/11/18 00:58,写真たくさん,"
こんばんは 鈴本美愉です(u_u)最近は半身浴しながらブログ書くのが日課になつてます!!今日はみんなとたくさん写真が撮れて幸せな日でした、、今まで撮ったことのない子とも撮れてウキウキ (^○^)最近お話しするようになった あかねん♪そして平手ちゃん喜怒哀楽やってみました!!からの 平手つまみ …これからこうやって写真たくさん載せたいと思っています!最後に、、、じゃん!!  今日の 『 栗 』↓やっぱり天津甘栗ですねそれではおやすみなさい。みゆ
"
2015/11/16 23:49,お疲れ様です,"
こんばんは 最近ホームシックの鈴本美愉ですバムくんにとても会いたく思います。今更なのですが、番組では私の滑舌が悪いせいで "" ボムくん "" と表示されていましたが正しくは "" バムくん "" です ☆彡お見立て会も無事に終わり、メンバーとの距離が今まで以上に縮まった気がします嬉しいです!そしてそして、、今日は 『佐藤詩織』ちゃんのバースデーということで! みんなでお祝いしました!!!!!!!♡詩織ちゃんHappy Birthday♡今日は平手ゆりなちゃんとの写真でお別れでーす初めてバムくん以外の写真載せてみました(._.)それではおやすみなさい。みゆ
"
2015/11/15 23:12,お見立て会,"

 

 


 
こんばんは 鈴本美愉です。
 
 
 
今日もお見立て会 2日目 ありがとうございました!!
 
 
朝 尾関りかちゃんに甘栗をもらって くりパワーで頑張りましたー!
 
 
朝 雨が降っていたのに 昨日に引き続きたくさんの方々が来てくださり とても嬉しく思います。
 
 
 
2日間ファンの皆様と近くでお話しできて とても良い経験になりましたし、すごく楽しかったです!
 
 
 
また握手会の機会がいただけるようにこれからもっともっと頑張っていきます。
 
そして1月30日に向けても 頑張ります!!
 
 
 
最近寒くなってきたので風邪などひかないように 暖かくして寝てください。
 
それではおやすみなさい。
 
 
みゆ





"
2015/11/15 00:54,こんばんは,"
鈴本美愉です。今日 欅坂46のお見立て会に来てくださった皆様 ありがとうございました!欅坂46で初のステージに立たせていただき、とても緊張しましたが 自分なりに想いを伝えられたかな と思います。そして、今日の2部でサプライズ発表されましたが2016年1月30日に国立代々木競技場第一体育館で行われるライブに出演させていただくことになりました欅坂46が結成して3ヶ月も経っていなくて、まだまだ未熟ですし 足りない部分がほとんどですが1月30日には成長した姿をお見せするので ぜひその姿を見に来てください!!私たちも今まで以上に全力を出します!今日は本当にたくさんの方々にお越しいただき とても嬉しかったです!明日も欅坂メンバー全員で頑張ります!それではおやすみなさい。みゆ
"
2015/11/13 23:45,すずもとです,"
こんばんは。鈴本美愉です。明日、明後日はついにお見立て会です!!すごく楽しみなので今日寝れるか不安です、、皆さんに会えることを心待ちにしています!今日は私が飼っているペットのバムくんの写真ですおやすみなさい。みゆ
"
